shift_id,category,note
S100737,relief_no_show,Next shift guard did not pitch. Had to cover.
S106900,relief_no_show,client signed for the extra hrs but real reason is relief no show again
S108361,equipment_failure,"masjien is stukkend, alles met die hand gedoen"
S100877,equipment_failure,"generator fault, stayed to monitor"
S108162,client_request,"client asked us to stay for the delivery, ok'd by centre mgmt"
S102786,routine_or_unclear,Covering for Mahlangu - booked off sick
S107007,routine_or_unclear,
S106106,handover_delay,shift handover delayed by 30 min
S106463,relief_no_show,double shift because relief never pitched
S102332,relief_no_show,double shift because relief never pitched
S108056,relief_no_show,Nexxt shift guuard did not pitch. Had to cover.
S103439,relief_no_show,"no replacement sent, ngicela sort this out"
S100571,relief_no_show,relief no show AGAIN
S101332,handover_delay,"handover late again, keys missing"
S107753,relief_no_show,"no replacement sent, ngicela sort this out.."
S106253,client_request,Client requested deep clean before the audit - approved
S100168,routine_or_unclear,all fine
S104252,routine_or_unclear,sharp
S103008,handover_delay,"oorhandiging was laat, gewag vir sleutels"
S105453,routine_or_unclear,akukho lutho
S106113,client_request,etra hours approved by client for the event setup
S106907,handover_delay,"oorhandiging was laat, gewag vir sleutels"
S106876,handover_delay,"oorhandiging was laat, gewag vir sleutels"
S105345,relief_no_show,"next shift akafikanga, ngihlale kuze kube 06h00"
S106814,relief_no_show,"Mabaso didnt come in, covered the post"
S109082,handover_delay,"hanodver late again, keys missing"
S107738,handover_delay,"waited 50 min for handover, OB book not signed"
S107339,routine_or_unclear,"additional cover requested by site manager, signed off"
S100205,routine_or_unclear,no issues on site
S108984,routine_or_unclear,Covering for Pillay - booked off sick
S104765,handover_delay,"waited 50 min for handover, ob book not signed"
S102055,relief_no_show,"covering Wyk post, no show no call"
S101825,handover_delay,"late handover, waiting on paperwork"
S102559,routine_or_unclear,no incidents
S106334,client_request,Client asked for extra patrol aftter the break-in Tuesday
S101061,client_request,"stocktake ran over, client asked us to remain, they know they pay for it"
S108139,client_request,"client asked us to stay for the delivery, ok'd by centre mgmt"
S106859,routine_or_unclear,fine
S103877,routine_or_unclear,sharp
S103656,routine_or_unclear,"DOUBLE DUTY TODAY, FOURIE ON FAMILY RESPONSIBILITY LEAVE"
S105093,client_request,"client asked us to stay for the delivery, ok'd by centre mgmt.."
S105680,client_request,"client wanted extra man on the gate for the event, approved"
S101121,routine_or_unclear,niks om te rapporteer nie
S108690,routine_or_unclear,no incidents
S105807,client_request,klient het ekstra ure gevra vir stockake
S105217,handover_delay,shift handover delayed by 25 min
S105371,routine_or_unclear,ok
S106224,routine_or_unclear,"gedek vir Adams, siek gemeld"
S108070,relief_no_show,stood in for Radebe
S104308,relief_no_show,Next shift guard did not pitch. Had to cover
S105062,routine_or_unclear,quiet shift
S101434,routine_or_unclear,"scrubber broke down, had to do the floor manually.."
S103671,routine_or_unclear,Covering for September - booked off sick..
S108354,routine_or_unclear,"gedek vir Tshabaala, siek gemeld"
S108267,client_request,Centre mgr requested additionaal cover for stocktake
S108389,routine_or_unclear,"requested by centre management for load in, signed off"
S103433,client_request,"stocktake ran over, client asked us to remain, they know they pay for it"
S106978,relief_no_show,"next shift akafikanga, ngihlale kuze kube six"
S106245,routine_or_unclear,sharp
S106878,relief_no_show,"September didt come in, covered the post"
S104428,client_request,"stocktake ran over, client asked us to remain, thhey know they pay for it"
S102342,routine_or_unclear,.
S105877,routine_or_unclear,all good
S106936,routine_or_unclear,ok
S107938,handover_delay,"late handover, waiting on paperwork"
S108000,handover_delay,"handover late agn, keys missing.."
S103399,routine_or_unclear,ntr
S101233,routine_or_unclear,"took Jacobs shift as well, 2 posts 1 guard"
S101223,client_request,Client requested deep clean before the audit - approved
S105661,relief_no_show,double shift because relief never pitched
S108187,handover_delay,"oorhandiging was laat, gewag vir sletuels !"
S106210,routine_or_unclear,all good
S104295,routine_or_unclear,"machine down again, took twice as long"
S101088,routine_or_unclear,"scrubber broke down, had to do the floor manualyl"
S104328,client_request,Centre manager requested additional cover for stocktake
S101143,client_request,extra hours approved by client for the event seup
S107378,routine_or_unclear,n/a
S109333,routine_or_unclear,"lift out of order, everything carried up stairs, took long"
S106514,handover_delay,shift handover delayed by 25 min
S101642,client_request,Client requested deep clean before the audit - approved
S100593,routine_or_unclear,"took fourie shift as wll, 2 posts 1 guard"
S105147,client_request,"client says stay till 06:00, dont know if office approved"
S105777,client_request,"client asked us to stay for the delivery, ok'd by centre mgmt"
S103083,relief_no_show,"still on site, relief was suppose to come 0600"
S107881,client_request,Client requested deep clean before the audit - approved
S100164,relief_no_show,"uFouire akezanga namhlanje, ngimele yena"
S106903,relief_no_show,relief no show AGAIN
S106247,relief_no_show,next shift guard did not pitch. had to cover
S108878,handover_delay,"handover late again, keys missing"
S102888,routine_or_unclear,"double duty today, Mahlangu on family responsibility leave"
S107172,routine_or_unclear,nothing to report
S105907,relief_no_show,stood in for Mthembu
S107272,routine_or_unclear,"aflos het nie opgedaag nie, moes aanbly"
S107719,relief_no_show,Covered for Motaung again - 3rd time this month
S107751,relief_no_show,"September didnt come in, covered the post !"
S100406,routine_or_unclear,as per normal
S101019,handover_delay,"late handover, waiting on paperwork"
S104171,routine_or_unclear,"requested by centre management for load in, signed off"
S100329,relief_no_show,client signed for the extra hours but real reason is relief no show again
S104084,handover_delay,"late handover, waiting on paperwork"
S105455,routine_or_unclear,Covering for Mahlangu - booked off sick
S104307,routine_or_unclear,"requested by centre management for load in, signed off"
S107353,routine_or_unclear,nothing to report
S105081,relief_no_show,"control room says relief coming, nobody came"
S104524,routine_or_unclear,all quiet
S106429,handover_delay,shift handover delayed by 30 min
S103630,routine_or_unclear,"Botha absent, took her rounds as well"
S101912,relief_no_show,"covering khumalo post, no show no call"
S106449,client_request,client requested deep clean before the audit - approved !
S102915,routine_or_unclear,"worked through, Baloyi at the clinic"
S108089,relief_no_show,"conntrol room says relief coming, nobody came"
S100063,relief_no_show,"Botha didnt come in, covered the post"
S109151,routine_or_unclear,no incidents
S105810,relief_no_show,covered for mauel again - 3rd time this month
S100324,relief_no_show,"still on site, relief was suppose to come 06:00"
S108372,routine_or_unclear,"worked through, Sibiya at the clinic.."
S104893,handover_delay,"waited 20 min for handover, OB book not signed"
S106412,relief_no_show,"uTshabalala akezanga namhlanje, ngimele yena"
S106153,relief_no_show,stood in for Pillay..
S107045,relief_no_show,relief no show AGAIN
S104802,client_request,"extra patrol per client email, approved by office"
S108282,client_request,klient het ekstra ure gevra vir stocktake
S103468,handover_delay,"waited 25 min for handover, OB book not signed"
S100592,client_request,"client asked us to stay for the delivery, ok'd by centre mgmt"
S104639,routine_or_unclear,"additional cover requested by site mgr, signed off"
S106391,routine_or_unclear,akukho lutho
S102310,routine_or_unclear,.
S108259,routine_or_unclear,"gate motor failed, manned it by hand till 6"
S107682,routine_or_unclear,-
S106087,relief_no_show,"relief only arrived 06h00, stayed until then"
S101617,routine_or_unclear,
S103563,routine_or_unclear,sharp
S107432,routine_or_unclear,ntr
S105979,routine_or_unclear,fine
S107340,routine_or_unclear,Covering for Mahlangu - bookked off sick
S103376,client_request,"client wanted extra man on the gate for the event, approved"
S107293,relief_no_show,"relief never arrived, stayed on till 6"
S100954,routine_or_unclear,ok
S101549,handover_delay,"handover late agn, keys missing"
S100624,routine_or_unclear,akukho lutho
S100926,relief_no_show,"covering Hendricks pos, no show no call"
S103528,client_request,Centre mgr requested additional cover for stocktake
S107844,client_request,Clint requested deep clean before the audit - approved
S106119,relief_no_show,"uMolefe akezanga namhlanje, ngimele yena"
S101874,relief_no_show,"no replacement sent, ngicela sort this out"
S107803,routine_or_unclear,fine
S105335,client_request,client asked for extra patrol after the break-in tueesday
S107833,handover_delay,"oorhandiging was laa, gewag vir sleutels"
S108358,routine_or_unclear,"took Motaung shift as well, 2 posts 1 guard"
S101505,routine_or_unclear,
S106236,client_request,extra hours approved by clent for the event setup
S101047,client_request,Centre manager requested additional cover for stocktake
S109288,routine_or_unclear,all quiet
S104123,routine_or_unclear,nothing to report
S108613,handover_delay,"oorhandiging was laat, gewag vir sleutels"
S103780,routine_or_unclear,nothing to report
S109338,relief_no_show,relief no show again
S106991,client_request,"client asked us to stay for the delivery, ok'd by cnetre mgmt"
S108913,relief_no_show,double shift bc relief never pitched
S101184,handover_delay,shift handover delayed by 25 min
S101387,routine_or_unclear,"gedek vir Adaams, siek gemeld"
S108219,routine_or_unclear,nothing to report
S101599,relief_no_show,client signed for the extra hours but real reason is relief no show agin
S106262,routine_or_unclear,"covering Molefe post, no sow no call.."
S102769,routine_or_unclear,n/a
S109299,relief_no_show,"Hendricks didnt come in, coevred the post"
S101576,handover_delay,"waited 30 min for handover, OB book not signed !"
S104408,relief_no_show,"ugNcobo akezanga namhlanje, ngimele yena"
S102020,routine_or_unclear,"took Wyk shift as well, 2 posts 1 guard"
S105189,client_request,CLIENT REQUESTED DEEP CLEAN BEFORE THE AUDIT - APPROVED
S101875,handover_delay,shift handover delayed by 30 min
S103448,relief_no_show,"Mokoena didnt come in, covered the pst"
S104440,relief_no_show,"waited for relief, nobody came through"
S103026,relief_no_show,relief no shwo AGAIN
S100892,relief_no_show,"uJacobs akezanga namhlanje, ngimele yena.."
S107877,handover_delay,shift handover delayed by 45 min
S108492,routine_or_unclear,fine
S107113,handover_delay,"handover late again, keys missing"
S104838,client_request,"cllient says stay till 06h00, dont know if office approved"
S104527,routine_or_unclear,Covreed for Mabaso agn - 3rd time this month
S106371,routine_or_unclear,"double duty today, Dlamini on family responsibility leave"
S108108,routine_or_unclear,"aflos het nie opgedaag nie, moes aanbly"
S102956,handover_delay,"late handover, waiting on paperwork.."
S101752,routine_or_unclear,"gedek vir Maluleke, siek gemeld"
S103686,relief_no_show,"relief never arrived, stayed on till 06h00"
S104188,routine_or_unclear,"TOOK SIBIYA SHIFT AS WELL, 2 POSTS 1 GUARD"
S107471,routine_or_unclear,.
S107963,routine_or_unclear,"Sithole absent, took her rounds as well.."
S101906,routine_or_unclear,"scrubber broke down, had to do the flooor manually"
S102383,client_request,"client wanted extra man on the gate for the event, appoved"
S104172,equipment_failure,"generator fault, stayed to monitor"
S108025,routine_or_unclear,"reliief only arrived 06:00, stayed until then"
S109329,client_request,"client says stay till 6am, dont kow if office approved"
S103063,routine_or_unclear,"took Wyk shift as well, 2 posts 1 guard"
S100422,relief_no_show,mavuso off sick. again. covered.
S107743,routine_or_unclear,"gedek vir Khumalo, siek gemeld !"
S100921,routine_or_unclear,as per normal
S108442,handover_delay,"oorhandiging was laat, gewag vir sleutels"
S107824,client_request,Centre manager requested additional cover for stocktake
S106793,relief_no_show,client signed for the extra hours but real reason is relief no show agn..
S101513,routine_or_unclear,"TOOK BOTHA SHIFT AS WELL, 2 POSTS 1 GUARD"
S102046,client_request,"client wanted extra man on the gate for the event, approved"
S108952,handover_delay,"handover late again, keys missign"
S105999,relief_no_show,stood in for Ndlovu
S103398,relief_no_show,"control room syas relief coming, nobody came"
S102032,routine_or_unclear,"machine down again, took twice as long.."
S108170,routine_or_unclear,"lift out of order, everything carried up stairs, took long"
S103186,handover_delay,"waited 45 min for handover, ob book not signed"
S103258,routine_or_unclear,n/a
S102514,routine_or_unclear,"maluleke absent, took her rounds as well"
S101242,client_request,extra hours approved by cliennt for the event setup
S103855,handover_delay,"oorhandiging was laat, gewag vir sleutels"
S107720,routine_or_unclear,"machine down again, took twce as long"
S104067,routine_or_unclear,sharp
S105344,relief_no_show,"covering Mokoena post, no show no call"
S100153,routine_or_unclear,"buffer machine kaput, did the floor by hand"
S100195,routine_or_unclear,"additional cover requuested by site maanger, signed off"
S100504,routine_or_unclear,quiet shift
S107445,routine_or_unclear,"toko Fourie shift as well, 2 posts 1 guard"
S105589,client_request,extra hours approoved by clinet for the event setup
S104419,handover_delay,shift handover delayed by 25 min !
S107473,routine_or_unclear,"wroked through, naidoo at the clinic"
S101083,routine_or_unclear,quiet shift
S100377,equipment_failure,"masjien is stukkend, alles met die hand gedoen"
S102826,routine_or_unclear,n/a
S100391,routine_or_unclear,"aflos het nie opgedaag nie, moes aabnly"
S108328,relief_no_show,"covering Jacobs post, no show no call"
S100618,routine_or_unclear,nothing to report
S107742,relief_no_show,"control room says relief coming, nobdoy came"
S104637,client_request,extra hours approved by client for the event setup
S100893,routine_or_unclear,"buffer machine kaput, did the floor by hand.."
S104125,relief_no_show,"waited for relief, nobody came through"
S103628,client_request,extra hrs approved by client for the event setup
S106131,client_request,extra hrs approved by client for the event setup
S107763,routine_or_unclear,no incidents
S107745,routine_or_unclear,"requested by centre management for load in, signed off !"
S106445,relief_no_show,no relief. stayed. someone must please sort the roster..
S106151,handover_delay,shift handover delayed by 50 min
S103016,routine_or_unclear,ok
S104630,routine_or_unclear,"lift out of order, everything carried up stairs, took long"
S104543,client_request,exra hours approved by client for the event setup
S104784,routine_or_unclear,"machine down agn, took twice as long.."
S101584,client_request,Client requested deep clean before the audit - approved
S107058,relief_no_show,"control room says relief coming, nobody came"
S100599,routine_or_unclear,"double duty today, jacobs on family responsibility leave"
S106491,client_request,Client asked for extra patrol after the break-in Tuesday
S108623,relief_no_show,"nxt shift akafikanga, ngihlale kuze kube 0600"
S108587,routine_or_unclear,"worked through, september at the clinic"
S107327,relief_no_show,no relief. staye. someone must pleease sort the roster !
S109285,handover_delay,shift handover delayed by 30 min
S104563,handover_delay,shift handover delayed by 30 min
S101903,routine_or_unclear,no incidents
S104534,routine_or_unclear,"took Wyk shift as well, 2 posts 1 guard.."
S100693,handover_delay,"handover late agn, keys missing !"
S102396,relief_no_show,"next shift akafikanga, ngihlale kuze kube 06h00"
S108862,client_request,"stocktake ran over, client asked us to remain, they know they pay for it"
S106564,client_request,centre manager requested additional cover for stocktake
S101591,relief_no_show,"uAdams akezanga namhlanje, ngimele yena"
S107632,handover_delay,shift handover delayed by 40 min
S107123,handover_delay,"oorhandiging was laat, geewag vir sleutels"
S100716,relief_no_show,Botha off sick. again. covered
S106552,routine_or_unclear,Covering for Khumalo - booked off sick
S108889,equipment_failure,"masjien is stukkend, alles met die hand gedoen"
S100160,routine_or_unclear,"aflos het nie opgedaag nie, moes aanbly"
S108113,client_request,"client wanted extra man on the gate for the event, approved"
S104315,relief_no_show,Covered for Zulu agn - 3rd time this month
S100588,handover_delay,"oorhandiging was laat, gewag vir sletuels"
S106213,relief_no_show,"Radebe didnt come in, covered the post"
S102110,client_request,"client says stay till 0600, dont know if office approved"
S103965,relief_no_show,"Mavuso didnt come in, covered the post"
S102765,routine_or_unclear,"buffer mcahine kaput, did the floor by hand.."
S102065,client_request,"CLIENT ASKED US TO STAY FOR THE DELIVERY, OK'D BY CENTRE MGMT"
S108797,client_request,Client requested deep clean before the audit - approved
S100570,routine_or_unclear,no incidents
S106130,client_request,extra hours approved by client for the event setup
S105900,relief_no_show,"covering Maluleke post, no show no call"
S100159,routine_or_unclear,"lift out of order, everything carried up stairs, took long"
S107412,client_request,Client requested deep clean before the audit - approved
S104919,relief_no_show,double shift bc relief never pitched
S104519,routine_or_unclear,"SCRUBBER BROKE DOWN, HAD TO DO THE FLOOR MANUALLY"
S104625,routine_or_unclear,"scrubber broke down, had to do the floor manually"
S104230,relief_no_show,"HENDRICKS DIDNT COME IN, COVERED THE POST"
S107710,routine_or_unclear,"buffer machine kaput, did the floor by hand.."
S107512,routine_or_unclear,no issues on site
S107337,relief_no_show,next shift guard did not pitch. had to cover.
S109128,routine_or_unclear,sharp
S104122,routine_or_unclear,-
S100731,handover_delay,"late handover, waiting on paperwork"
S107041,client_request,"client says stay till 0600, dont know if offcie approved"
S107057,routine_or_unclear,no incidents
S108017,relief_no_show,"relief only arrived six, stayed until thhen"
S100815,routine_or_unclear,
S105108,routine_or_unclear,"buffer machine kaput, did the floor by hand"
S104091,routine_or_unclear,"double duty today, Ngcobo on family responsibility leave"
S105998,routine_or_unclear,sharp
S106138,relief_no_show,"relief only arrived 06:00, stayed until then"
S103597,relief_no_show,"covering Molefe post, no show no call.."
S107765,relief_no_show,no relief. stayed. someone must please sort the roster
S102732,relief_no_show,stood in for Khumalo
S100013,relief_no_show,"no replacement sent, ngicela sort this out"
S107891,relief_no_show,"covering Radebe post, no show no call"
S104320,relief_no_show,client signed for the extra hrs but real reason is relief no show again
S103450,client_request,"client wanted extra man on the gate for the event, approved"
S105833,client_request,Centre manager requested additional cover for stocktake..
S107430,routine_or_unclear,"buffer machine kaput, did the floor by hand"
S105324,handover_delay,"waited 20 min for handover, OB book not signed"
S101068,relief_no_show,"mavuso didnt come in, covered the post"
S103089,routine_or_unclear,"took Mavuso shift as well, 2 posts 1 guard"
S106346,client_request,"CLIET SAYS STAY TILL 0600, DONT KNOW IF OFFICE APPROVED"
S100845,routine_or_unclear,n/a
S101082,routine_or_unclear,-
S102397,relief_no_show,"relief oly arrived six, stayed until then"
S101577,client_request,"stocktake ran over, client asked us to remain, they know they pay for it"
S103386,routine_or_unclear,akukho lutho
S100261,client_request,"extra patrol per client email, approved by office"
S108560,routine_or_unclear,"Motaung absent, took her rounds as well"
S100346,routine_or_unclear,"gate motor faled, manned it by hand till 06h00"
S107758,relief_no_show,"waited for relief, nobody came through"
S103760,relief_no_show,client signed for the extra hours but real reason is relief no show agn
S105632,handover_delay,"late handover, waiting on paperwork"
S102162,routine_or_unclear,quiet shift
S106556,routine_or_unclear,"gate motor failed, manned it by hand till six"
S106150,routine_or_unclear,"DOUBLE DUTY TODAY, WYK ON FAMILY RESPONSIBILITY LEAVE"
S104946,routine_or_unclear,ok
S109135,handover_delay,"late handover, waiting on paperwork"
S107358,client_request,"extra patrool per client email, approved by office"
S108965,client_request,"client says stay till six, dont know if office approved"
S107557,relief_no_show,Balloyi off sick. agn. covered
S102889,client_request,"client says stay till 6am, dont know if office approved"
S101114,client_request,klient het ekstra ure gevra vir stocktake !
S104158,client_request,"client says say till 6am, dont know if office approved"
S108836,relief_no_show,"waited for relief, nobody came through"
S103378,handover_delay,"handover laet agn, keys missing"
S108174,handover_delay,shift handover delayed by 20 min..
S102121,routine_or_unclear,akukho lutho
S106272,routine_or_unclear,"additional cover requested by site manager, signed off"
S102883,client_request,"client asked us to stay for the delivery, ok'd by centre mgmt"
S104413,routine_or_unclear,"double duty today, Zulu on family responsibility leave"
S102630,routine_or_unclear,"took dlamini shift as well, 2 posts 1 guard"
S103206,relief_no_show,stood in for Fourie
S103609,routine_or_unclear,"gedek vir Ndlovu, siek gemeld"
S103551,client_request,CLIETN ASKED FOR EXTRA PATROL AFTER THE BREAK-IN TUESDAY
S107118,client_request,klient het ekstra ure gevra vir stocktake
S107491,routine_or_unclear,zulu off sick. again. coveered.
S103775,routine_or_unclear,"scrubber broke down, had to do the floor manually.."
S104429,relief_no_show,"Septeember didnt come in, covered the post"
S104005,relief_no_show,"Mabaso didnt come in, covered the post"
S102885,routine_or_unclear,sharp
S106574,routine_or_unclear,ntr
S104365,routine_or_unclear,"additional cover requested by site mgr, signed off"
S105303,client_request,extra hours approved by client for the event setup
S102254,client_request,"client says stay till 6, dont know if office approved"
S102028,client_request,"stocktake ran over, client asked us to reemain, they know they pay for it"
S107739,client_request,klient het ekstra ure gevra vir stocktake..
S100313,equipment_failure,"generator fault, stayed to monitor"
S105239,routine_or_unclear,"scrubber broke down, had to do the floor manually"
S101500,routine_or_unclear,"Sithole absent, took her rounds as well"
S109296,relief_no_show,"NEXT SHIFT AKAFIKANGA, NGIHLALE KUZE KUBE 0600.."
S109301,routine_or_unclear,"took Wyk shift as well, 2 posts 1 gard.."
S102605,routine_or_unclear,n/a
S103931,routine_or_unclear,niks om te rapporteer nie
S102420,handover_delay,"oorhandiging was laat, gewag vir sleutels"
S108871,client_request,Client askeed for extra patrol afetr the break-in Tuesday
S105150,routine_or_unclear,-
S106438,relief_no_show,stood in for Mabaso
S102631,relief_no_show,"NEXT SHIFT AKAFIKANGA, NGIHLALE KUZE KUBE 06:00"
S105083,routine_or_unclear,"additional cover requested by site manager, signed off"
S108286,equipment_failure,"masjien is stukkend, alles met die hand gedoen"
S101325,client_request,klient het ekstra ure gevra vir stocktake !
S108195,relief_no_show,"relief never arrived, stayed on till 6am"
S104015,relief_no_show,"covering Motaung post, no show no caall"
S102989,handover_delay,"handover late agn, keys missing"
S108078,relief_no_show,Next shift guard did not pitch. Had to covr.
S106439,routine_or_unclear,"double duty today, Sithole on family responsibility leave"
S101779,handover_delay,"late handover, waiting on paperwork"
S101122,relief_no_show,PILLAY OFF SICK. AGN. COVERED !
S102228,relief_no_show,stood in for Fourie
S100554,client_request,Centre manager requested addtional cover for stocktake..
S108850,routine_or_unclear,.
S106565,routine_or_unclear,ok
S109287,handover_delay,"waited 25 min for handover, OB book not signed.."
S108347,routine_or_unclear,n/a
S107387,routine_or_unclear,"took naidoo shift as well, 2 posts 1 guard.."
S106396,client_request,Client asked for extra patrol after the break-in Tuesday..
S100905,routine_or_unclear,quiet shift
S100333,routine_or_unclear,"geddek vir Mabaso, siek gemeld.."
S103806,relief_no_show,Ndlovu off sick. aggn. covered
S103850,routine_or_unclear,no issues on site
S101502,routine_or_unclear,"additional cover requested by site manager, signed off"
S106645,client_request,client asked for extra patrol after the break-in tuesday
S104103,routine_or_unclear,"Pillay absent, took her rounds as well"
S102856,routine_or_unclear,niks om te rapporteer nie
S101331,relief_no_show,"no replacement sent, ngicela sort this out.."
S108104,equipment_failure,"masjien is stukkend, alles met die hand gedoen"
S102307,routine_or_unclear,"double duty today, Maluleke on family responsibility leave"
S102886,routine_or_unclear,"took Adams shift as well, 2 posts 1 guard.."
S106107,routine_or_unclear,"machine down again, took twice as long"
S104337,routine_or_unclear,"requested by centre management for load in, signed off"
S106848,routine_or_unclear,no issues on site
S103166,routine_or_unclear,ok
S103384,equipment_failure,"generator fault, stayed to monitor"
S100022,client_request,Client rquested deep clean before the audit - approved
S109118,routine_or_unclear,"buffer machine kaput, did the floor by hand"
S103269,routine_or_unclear,all good
S100388,routine_or_unclear,"additional cover requested by site manager, signed off"
S103014,routine_or_unclear,"Sithole absent, took her rounds as well"
S103608,routine_or_unclear,"aflos het nie opgedaag nie, moes aanbly"
S104501,routine_or_unclear,all fine
S103366,routine_or_unclear,quiet shift
S101518,handover_delay,"waited 30 min for handover, ob book not signed"
S102859,routine_or_unclear,"scrubber broke down, had to do the floor manually"
S106529,client_request,"client asked us to stay for the delivery, ok'd by centre mgmt"
S104422,routine_or_unclear,all fine
S100738,relief_no_show,double shift bc relief never pitched
S102143,routine_or_unclear,ok
S101484,handover_delay,"waited 45 min for handover, OB book not signed"
S105299,routine_or_unclear,n/a
S100204,routine_or_unclear,all good
S105768,client_request,client asked for extra patrol after the break-in tuesday
S107100,routine_or_unclear,n/a
S106646,client_request,client requested deep clean befroe the audit - approved
S104821,handover_delay,"oorhandiging was lat, gewag vir sleutels"
S101034,routine_or_unclear,no issues on site
S103226,client_request,Client requested deep clean before the audit - approved..
S106671,routine_or_unclear,"requested by centre management for load in, signed off"
S109348,relief_no_show,client signed for the extra hours but real reason is relief no show agn
S105269,relief_no_show,"covering Sibiya post, no show no call"
S103800,routine_or_unclear,nothing to report
S108275,relief_no_show,relif no show AGAIN
S102865,client_request,Client asked for extra patrol after the break-in Tuesday
S102439,routine_or_unclear,all good
S107217,routine_or_unclear,"buffer machine kaput, did the floor by hand"
S102952,routine_or_unclear,ntr
S108076,client_request,"CLIENT ASKED US TO STAY FOR THE DELIVERY, OK'D BY CENTRE MGMT"
S100629,relief_no_show,COVERED FOR WYK AGAIN - 3RD TIME THIS MONTH
S108051,equipment_failure,"masjien is stukkend, alles met die hand gedoen"
S108033,relief_no_show,Next shift guard did not pitch. Had to cover.
S108562,routine_or_unclear,Covering for Adams - booked off sick
S104862,handover_delay,"handover late again, keys missing"
S102855,relief_no_show,Next shift guard did not pitch. Had to cover.
S103428,routine_or_unclear,"zulu absent, took her rounds as well"
S103584,routine_or_unclear,"worked through, baloyi at the clinic"
S106947,handover_delay,shift handover delayed by 40 min
S108154,routine_or_unclear,.
S105631,relief_no_show,Khumalo off sick. again. covered.
S104568,routine_or_unclear,"Cele absent, took her rounds as well"
S105508,handover_delay,"oorhandiging was laat, gewag vir sleutels"
S106033,routine_or_unclear,Covering for Fourie - booked off sick
S106673,client_request,Client asked for exra patrol after the break-in Tuesday
S109183,client_request,Client requested deep clean before the audit - approveed
S108185,relief_no_show,"covering Wyk post, no show no call"
S103019,relief_no_show,"still on site, relief was suppose to come 06:00"
S102844,relief_no_show,radebe off sick. again. covered.
S107816,routine_or_unclear,"worked through, Maluleke at the clinic"
S101627,handover_delay,"waited 40 min for handover, OB book not signed"
S108529,relief_no_show,"uFourie akezanga namhalnje, ngimele yena"
S101445,equipment_failure,"masjien is stukkend, alles met die hand gedoen"
S104588,routine_or_unclear,all good
S108628,routine_or_unclear,"buffer machine kaput, did the floor by hand"
S108873,relief_no_show,Fourie off sick. agn. covered.
S104017,relief_no_show,"uPillay akezanga namhlanje, nimele yena !"
S106533,relief_no_show,"no replacement sent, ngicela sort this out"
S101777,routine_or_unclear,"machine down again, took twice as long"
S103073,routine_or_unclear,covering for nkosi - booked off sick..
S100983,routine_or_unclear,no issues on site
S108346,relief_no_show,"covering Cele post, no show no call"
S107474,relief_no_show,"control room says relief coming, nobody came"
S100715,routine_or_unclear,nothing to report
S106737,handover_delay,"laet handover, waiting on paperwork"
S105115,relief_no_show,Naidoo off sick. agn. covered.
S100577,routine_or_unclear,"requested by centre management for load in, signed off"
S103405,routine_or_unclear,n/a
S105653,relief_no_show,stood in for Jacobs
S102421,client_request,"stocktake ran over, client asked us to remain, they know they pay for it"
S102725,routine_or_unclear,-
S103582,relief_no_show,"Mabaso didnt come in, covered the post.."
S109249,routine_or_unclear,quiet shift
S106149,client_request,client asked for extra patrol after the break-in tuesday
S103062,relief_no_show,"no replacement sent, ngicela sort this out"
S103565,routine_or_unclear,ntr
S107861,routine_or_unclear,sharp
S100942,relief_no_show,Nkosi off sick. again. covered.
S107766,relief_no_show,"uAdams akezanga namhlanje, ngimele yena"
S104514,routine_or_unclear,ntr
S108019,routine_or_unclear,"BUFFER MACHINE KAPUT, DID THE FLOOR BY HAND.."
S100711,routine_or_unclear,"took Wyk shift as well, 2 posts 1 guard"
S107338,routine_or_unclear,"took Sithole shift as well, 2 posts 1 guard"
S105984,handover_delay,"late handover, waiting on paperwork"
S100747,client_request,"client says stay till 6am, dont know if office approved"
S103623,relief_no_show,relief no show again
S106555,handover_delay,shift handover delayed by 45 min
S104288,routine_or_unclear,"took Sithole shift as well, 2 posts 1 guard"
S101734,routine_or_unclear,"Mokoena absent, took her rounds as well"
S103832,relief_no_show,"still on site, relief was suppose to come 06:00"
S106792,relief_no_show,"no replacement sent, ngicela sort this out.."
S106354,client_request,Client requested deep clean before the audit - approved
S102049,client_request,"client asked us to stay for the delivery, ok'd by cnetre mgmt"
S106122,handover_delay,shift handover delayed by 30 min..
S103211,routine_or_unclear,"additional cover requested by site manager, signed off"
S103957,routine_or_unclear,quiet shift
S103447,relief_no_show,"relief never arrived, stayed on till 06:00"
S103726,routine_or_unclear,"worked through, fourie at the clinic"
S100818,routine_or_unclear,"worked through, mthembu at the clinic"
S103655,handover_delay,"late handover, waitnig on paperwork"
S102134,handover_delay,"handover late agn, keys missing !"
S107628,routine_or_unclear,as per normal
S104916,routine_or_unclear,"Mavuso absent, took her rounds as well"
S103547,relief_no_show,"relief only arrived 6, stayed until then.."
S107968,relief_no_show,"no replacement sent, ngicela sort this out"
S102834,routine_or_unclear,"gate motor failed, manned it by hand till 6"
S108466,routine_or_unclear,"GEDK VIR MOKOENA, SEK GEMELD"
S108071,relief_no_show,"waited for relief, nobody came through"
S107721,routine_or_unclear,"WORKED THROUGH, MOTAUNG AT THE CLINIC"
S106240,routine_or_unclear,"aflos het nie opgedaag nie, moes aanbly.."
S102816,relief_no_show,client signed for the extra hours but real reason is relief no show agn
S103400,relief_no_show,RELIEF NO SHOW AGAIN
S103567,routine_or_unclear,Covering for Naidoo - booked off sick
S103011,relief_no_show,"still on site, relief was suppose to coe six"
S106804,equipment_failure,"masjien is stukkend, alles met die hand gedoen"
S104038,handover_delay,"late handover, waiting on paperwork"
S101555,client_request,Clint ased for extra patrol after the break-in Tuesday
S105556,relief_no_show,"UMANUEL AKEZANGA NAMHLANJE, NGIMELE YENA"
S105003,routine_or_unclear,-
S107975,routine_or_unclear,no issues on site
S100140,relief_no_show,Next shift guard did not pitch. Had to cover.
S107075,routine_or_unclear,"double duty toda,y sibiya on family responsibility leave"
S106652,relief_no_show,"still on site, relief was suppoes to come 6am"
S103478,routine_or_unclear,"double dtuy today, Nkoi on family responsibility leave"
S101798,routine_or_unclear,"worked through, Cele at the clinic"
S102432,handover_delay,"oorhandiging was laat, gewag vir sleutels"
S105047,client_request,"client says stay till six, donnt know if office approved"
S101552,routine_or_unclear,"lift out of order, everything carried up stairs, took long"
S109173,routine_or_unclear,.
S103055,relief_no_show,stood in for Fourie
S106541,relief_no_show,stood in for Mavuso
S102204,handover_delay,"oorhandiging was laat, gewag vir sleutels"
S103344,client_request,"extra patrol per client email, approved by office"
S108105,routine_or_unclear,"aflos het nie opgedaag nie, moes aanbly"
S102382,routine_or_unclear,"gate motor failed, manned it by hand till 06:00"
S106979,relief_no_show,"covering mthembu post, no show no call"
S101551,relief_no_show,"no replacement sent, ngicela sort this out"
S103691,client_request,Client reuested deep clean before the audit - approved
S100590,routine_or_unclear,"tok mahlangu shift as wll, 2 posts 1 guard"
S104130,relief_no_show,"no replacement sent, ngicela sort this out"
S101805,equipment_failure,"masjien is stukkend, alls met die hand gedoen"
S107050,routine_or_unclear,"took Nosi shift as well, 2 pots 1 guard"
S100586,relief_no_show,Next shift guard did not pitch. Had to cover.
S106664,relief_no_show,"Mabaso didnt come in, covered the post"
S106280,client_request,Client requested deep clean before the audit - approved
S105325,relief_no_show,"Zulu didnt come in, covered the post"
S101883,routine_or_unclear,"buffer machine kaput, did the floor by hand"
S108332,client_request,"stocktake ran over, client asked us to remain, they knnow tey pay for it"
S104275,client_request,"stocktake ran over, client asked us to remai,n they know they pay for it"
S101278,routine_or_unclear,ok
S106650,routine_or_unclear,"worked through, Tshabalala at the clinic"
S109304,equipment_failure,"MAASJIEN IS STUKKEND, ALLES MET DIE HAND GEDOEN"
S100889,client_request,"cllient wanted extra man on the gate for the event, approved"
S109279,routine_or_unclear,ntr
S101961,routine_or_unclear,fine
S108951,routine_or_unclear,quiet shift
S105579,routine_or_unclear,"lift out of order, everything carried up stairs, took long"
S103829,routine_or_unclear,"worked through, Jaobs at the clinic"
S105821,client_request,"extra patrol per clent email, approved by office"
S101230,routine_or_unclear,ntr
S106561,routine_or_unclear,"srubber broke down, had to do the floor manually"
S104974,routine_or_unclear,all quiet
S103973,routine_or_unclear,Covering for Sibiya - booked off sick
S100485,handover_delay,shiift handover delayed by 30 min
S100306,client_request,Client requested deep clean before the audit - approved
S105701,handover_delay,"handover late agn, keys missing !"
S103796,relief_no_show,no relief. stayed. someone must please sort the roster
S106442,routine_or_unclear,nothing to report
S108776,relief_no_show,stood in for Ndlovu
S104245,handover_delay,"oorhandiging was laat, gewag vir sleutels"
S105429,equipment_failure,"generator fault, stayed to monitor"
S104642,relief_no_show,"uDlamini akezanga namhlanje, ngimele yena"
S104321,routine_or_unclear,quiet shift
S102395,routine_or_unclear,"aflos het nie opgedaag nie, moes aanbly"
S100719,relief_no_show,no relief. stayed. someone must pls sort the roster
S100928,handover_delay,"handover late agn, keys missing"
S108001,relief_no_show,stood in for zuul
S107901,handover_delay,"late handover, waiting on paperwork"
S102369,relief_no_show,Next shift guard did not pitch. Had to cover.
S108833,routine_or_unclear,"buffer machine kaput, did the floor by hand.."
S107059,routine_or_unclear,"worked through, Dlamini at the clinic.."
S101604,client_request,"client wanted etra man on the gate for the event, approved.."
S107331,relief_no_show,"covering Wyk post, no show no call"
S103251,routine_or_unclear,all quiet
S102109,routine_or_unclear,all good
S103776,client_request,"client asked us to stay for the delivery, ok'd by centre mgmt"
S104996,routine_or_unclear,"additional cover requested by site manager, signed off"
S107964,relief_no_show,"covering Mavuso post, no show no call !"
S107361,relief_no_show,"control room says relief coming, nobody came"
S106102,routine_or_unclear,fine
S104779,relief_no_show,double shift bc relief never pitched
S107267,routine_or_unclear,no issues on site
S109331,routine_or_unclear,n/a
S100873,routine_or_unclear,as per normal
S108180,equipment_failure,"generator fault, stayed to monitor"
S103781,routine_or_unclear,"additional cover requested by site manager, signed off.."
S105156,relief_no_show,double shift because relief never pitched
S100630,relief_no_show,"Dlamini didnt come in, covered the post"
S101058,routine_or_unclear,"took Fourie shift as well, 2 poosts 1 guard"
S108709,routine_or_unclear,all good
S102622,relief_no_show,client signed for the extra hours but real reason is relief no show again
S105088,routine_or_unclear,"Maluleke absent, took her rounds as wlel"
S102662,client_request,Client requested deeep clean before the audit - aproved..
S101209,handover_delay,"handover late again, keys missing"
S107717,relief_no_show,"Sibiya didnt come in, covered the post"
S104651,routine_or_unclear,"double duty today, Ndovu on family responsibility leave"
S100579,client_request,Centre mgr requested additional coer for stocktake
S106967,routine_or_unclear,"machine down agn, took twice as long"
S102050,routine_or_unclear,"gedk vir Sithole, siek gemeld"
S105339,relief_no_show,Covered for Mahlangu agn - 3rd time this month
S105952,routine_or_unclear,"gedek vir Sibiya, siek gemeld"
S105834,equipment_failure,"generator fault, stayed to monitor"
S104442,client_request,"client wanted extra man on the gate for the event, approved"
S104531,routine_or_unclear,"gedek vir Motaung, siek geemld"
S100817,routine_or_unclear,all good
S102880,routine_or_unclear,"scrubber broke down, had to do the floor manually"
S108544,relief_no_show,Covered for Zulu again - 3rd time this month
S108079,handover_delay,"late handover, waiting on paperwork"
S107287,routine_or_unclear,"buffer machine kaput, did the floor by hand"
S109328,client_request,extra hrs approved by client for the event setup
S102181,relief_no_show,Covered for Naidoo again - 3rd tie this month
S105471,routine_or_unclear,all good
S106973,client_request,"client asked us to stay for the delivery, ok'd by centre mgmt.."
S100088,relief_no_show,"coering Blaoyi post, no show no call.."
S105483,client_request,centre mgr requested additional covre for stocktake
S108451,routine_or_unclear,"took Botha shift as well, 2 posts 1 guard"
S100501,equipment_failure,"generator fault, styed to mointor"
S102158,relief_no_show,"uTshabalala akezanga namhlanje, ngimele yena"
S107206,routine_or_unclear,nothing to report
S108767,client_request,Client asked for extra patrol after the break-in Tuesday..
S103619,client_request,"extra patrol per client emil, approved by office"
S105340,relief_no_show,relief no show AGAIN
S106430,routine_or_unclear,fine
S100294,handover_delay,"late handover, waiting on paperwork"
S107595,routine_or_unclear,as per normal
S108470,relief_no_show,"next shift akafikanga, ngihlale kuze kube 0600"
S109238,routine_or_unclear,
S100975,handover_delay,"late handover, waiting on paperwork"
S108288,relief_no_show,"still on site, relief was suppose to come 6am"
S104068,client_request,"client wantd extra man on the gate for the event, approved"
S103397,routine_or_unclear,Covering for Khumalo - booked off sick
S104116,relief_no_show,"uMaluleke akezanga namhlanje, ngimele yena"
S103456,client_request,"extra patrol per client email, approevd by office"
S106546,relief_no_show,"khumalo didnt come in, covered the post"
S100717,relief_no_show,"next shift akafikanga, ngihlale kuze kube 6am"
S106042,client_request,client requested deep clean before the audit - approved
S104526,routine_or_unclear,n/a
S108657,client_request,client asked for extra patrol after the break--in tuesday
S100595,relief_no_show,client signed for the extra hours but real reason is relief no show agn..
S107088,routine_or_unclear,"additional cover requested by site mgr, signed off"
S107885,client_request,extra hours approved by client for the event setup
S107627,equipment_failure,"gnerator fault, stayed to monitor.."
S106573,relief_no_show,"Naidoo didt come in, covered the post"
S107746,relief_no_show,"still on site, relief was suppose to come 06h00"
S107218,routine_or_unclear,ntr
S106989,routine_or_unclear,"buffer machine kaput, did the floor by hand"
S100301,relief_no_show,"still on site, relief was suppose to come 06:00"
S104331,routine_or_unclear,"molefe absent, took her rounds as well"
S102253,routine_or_unclear,all quiet
S107504,routine_or_unclear,ok
S100384,relief_no_show,"control room says relief coming, nobody came"
S106492,routine_or_unclear,"requested by centre management for load in, signed off"
S105436,routine_or_unclear,"machine down again, took twice as long"
S102650,routine_or_unclear,all quiet
S103589,relief_no_show,relief no show AGAIN
S106553,relief_no_show,Next shift guard did not pitch. Had to cover.
S107376,relief_no_show,"next shift akafikanga, ngihlale kuze kube 6 !"
S105329,relief_no_show,double shift because relief never picthed !
S109293,handover_delay,"waited 45 min for handover, OB book not signed"
S106233,relief_no_show,Mokoena off sick. again. covered.
S106536,routine_or_unclear,"double duty today, Sithole on family responsibility leave"
S109261,handover_delay,"handover late agn, keys missing"
S103809,relief_no_show,"waited for relief, nobody caame through"
S105550,routine_or_unclear,extra hrs apprvoed by clietn for the event setp
S102179,handover_delay,"waited 40 min for handover, OB book not signed"
S102377,handover_delay,"late handover, waiting on paperwork"
S105071,relief_no_show,"no replacement sent, ngicela sort this out"
S105155,routine_or_unclear,sharp
S106680,client_request,Client asked for extra patrool after the break-in Tuesday
S107580,routine_or_unclear,"geddek vir wyk, siek gemeld"
S102879,handover_delay,"waited 25 min for handover, OB book not signed"
S101725,routine_or_unclear,ok
S105880,handover_delay,"late handover, waiting on paperwork"
S106235,routine_or_unclear,"gedek vir Tshabalala, siek gemeld"
S106457,relief_no_show,"USIBIYA AKEZANA NAMHLANJE, NGIMELE YENA.."
S106046,client_request,"extra patrol per client email, approved by office"
S107572,routine_or_unclear,-
S106375,routine_or_unclear,"still on site, relieef was suppose to come six"
S103012,routine_or_unclear,Centre mgr requested additional cover for stocktae
S109078,routine_or_unclear,ok
S101275,routine_or_unclear,.
S103735,routine_or_unclear,akukho lutho
S108835,client_request,"client wanted extra man on the gate for the event, approved"
S107894,relief_no_show,"relief only arrived 0600, stayed until then"
S108026,routine_or_unclear,"srubber broke down, had to do the floor manually"
S108082,routine_or_unclear,quiet shift
S108285,routine_or_unclear,"took Zulu shift as well, 2 posts 1 guard"
S101069,routine_or_unclear,
S107875,handover_delay,"oorhandiging was laat, gewag vir sleutels"
S103391,relief_no_show,"relief never arrived, stayed on till six"
S101905,routine_or_unclear,.
S103424,client_request,Client requested deep clean before the audit - approved
S103988,routine_or_unclear,"buffeer machine kaput, did the floor by hand"
S105735,routine_or_unclear,"worked through, sibiya at the clinic"
S102953,routine_or_unclear,"gate motoor failed, manned it by hadn till 6"
S106580,relief_no_show,"umolefe akezanga namhlanje, ngimele yena"
S108038,routine_or_unclear,"Ndlovu absent, took her rounds as well"
S103338,routine_or_unclear,"late hanodver, waiting on paperwork"
S106132,routine_or_unclear,Covering for Wyk - booked off sick
S107079,client_request,Client asked for extra patrol after the break-in Tuesday
S101822,relief_no_show,"uSibiya akezanga namhlanje, ngimele yena"
S105051,handover_delay,"handover late again, keys missing"
S103751,relief_no_show,"still on site, relief was suppose to come six"
S108478,relief_no_show,Next shift guard did not pitch. Had to cover.
S106097,routine_or_unclear,"aflos het nie opgedaag nie, moes aanbly"
S104397,routine_or_unclear,nothing to report
S108061,handover_delay,shift handover delayed by 30 min
S102528,equipment_failure,"generator fault, stayed to monitor !"
S100587,relief_no_show,Nkosi off sick. agn. coveredd.
S109297,relief_no_show,"uBotha akezanga namhlanjje, ngimele yena"
S104857,client_request,"client says stay till 06h00, dont know if office approved"
S101939,handover_delay,"waited 50 min for handover, OB book not signed"
S104803,routine_or_unclear,"took Mokoena shift as well, 2 posts 1 guard"
S103509,routine_or_unclear,"double duty today, Baloyi on family responsibility leave"
S104449,routine_or_unclear,sharp
S100032,routine_or_unclear,"control room says relef coming, nobody came"
S101590,relief_no_show,"control room says relief coming, nobody came"
S104355,routine_or_unclear,"additional cover requested by site mgr, signed off"
S103661,routine_or_unclear,"aflos het nie opgedaag nie, moes aanbly"
S102838,client_request,"client asked us to stay for the delivery, ok'd by centre mgmt.."
S106807,client_request,CLIENT ASKED FOR EXTRA PATROL AFTER THE BREAK-IN TUESDAY
S105053,client_request,klient het ekstra ure gevra vir stocktake !
S102453,routine_or_unclear,ntr
S101640,routine_or_unclear,all fine
S105352,client_request,"client says stay till six, dont know if office approved"
S106225,equipment_failure,"GENERATOR FAULT, STAYED TO MONITOR.."
S104164,routine_or_unclear,"scrubber broke don, had to do the floor manually"
S100309,relief_no_show,Jacobs off sick. ag.n covered.
S103077,routine_or_unclear,no relif. stayed. someone must please sort the roster
S102386,routine_or_unclear,"took Mabaso shift as well, 2 posts 1 guard"
S101769,routine_or_unclear,"buffer machine kaput, did the floor by hand"
S104379,relief_no_show,"uBotha akezanga namhlanje, ngimele yena"
S108123,routine_or_unclear,ntr
S101704,routine_or_unclear,"buffer machine kaput, did the floor by hand !"
S108837,routine_or_unclear,no issues on site
S103018,relief_no_show,"next shift akafikanga, ngihlale kuzze kube 06h00"
S106806,relief_no_show,"Naidoo didnt come in, covered the post.."
S106376,routine_or_unclear,"took Nkosi shift as well, 2 posts 1 guard"
S106252,routine_or_unclear,"took Naidoo shift as well, 2 posts 1 guard"
S103649,relief_no_show,"uNaidoo akezanga namhlanje, ngimele yena"
S107240,client_request,"extra patrol per client email, approved by ofice"
S108016,client_request,"client says stay till 06h00, dont know if office approved"
S104249,routine_or_unclear,all quiet
S106902,client_request,"client says stay till 0600, dont know if office approved"
S102656,routine_or_unclear,"Ngcobo absent, took her rounds as well.."
S109305,routine_or_unclear,"Mokoena absent, took her rounds as well"
S105537,routine_or_unclear,"nkosi absent, took her rounds as well !"
S102317,routine_or_unclear,nothing to report
S104575,routine_or_unclear,no issues on site
S103458,relief_no_show,no relief. stayed. someone must please sort the roster !
S102929,relief_no_show,"next shift akafikanga, ngihlale kuze kube 6"
S101338,routine_or_unclear,nothing to report
S104868,routine_or_unclear,niks om te rapporteer nie
S107133,relief_no_show,relief no show again..
S102570,relief_no_show,"sill on site, relief was spupose to come 6am"
S106476,routine_or_unclear,"lift out of order, everything carried up stairs, took lng"
S100784,routine_or_unclear,"worked through, ndlovu at the clinic.."
S106925,routine_or_unclear,"lift out of order, everything carried up stairs, took long"
S107886,handover_delay,shift handover delayed by 50 min
S102295,routine_or_unclear,"jacobs absent, took her rounds as well"
S100775,routine_or_unclear,quiet shift
S103402,routine_or_unclear,"machine down agn, took twice as long"
S105318,relief_no_show,client signed for the extra hours but real reason is relief no show agn !
S101812,routine_or_unclear,ntr
S102723,handover_delay,"oorhandiging was laat, gewag vir sleutels"
S105460,routine_or_unclear,"lift out of order, everything carried up stairs, took long"
S101597,routine_or_unclear,"double duty today, maluleke on family responsibility leave.."
S105342,relief_no_show,"umthembu akezanga namhlanje, ngimele yena"
S103470,handover_delay,shft handover dealyed by 25 min
S103005,routine_or_unclear,"took dlaminni shift as well, 2 posts 1 guard"
S107332,routine_or_unclear,"gedek vir Hendricks, siek geemeld"
S104121,client_request,client requested deep clean before the audt - approved
S103105,routine_or_unclear,fine
S105346,routine_or_unclear,"machien down agn, took twice as long"
S101120,relief_no_show,Zulu off sick. agn. covered.
S107414,routine_or_unclear,shift handovver delayed by 50 min
S100713,relief_no_show,Naidoo off sick. again. covered..
S106901,routine_or_unclear,"took mthembu shift as well, 2 pots 1 guard"
S100603,relief_no_show,"waited for relief, nobody came through"
S107506,routine_or_unclear,"took Wyk shift as well, 2 posts 1 guard"
S105585,routine_or_unclear,"scrubber broke dwn, had to do the floor mnually"
S104423,relief_no_show,"DLAMINI DIDNT COME IN, COVERED THE POST"
S104093,client_request,"client wanted extra man on the gate for the event, approved"
S109323,routine_or_unclear,"gate motor failed, manned it by hand till 6.."
S103163,routine_or_unclear,n/a
S102367,routine_or_unclear,"took Tshabalala shift as well, 2 posts 1 guadr"
S104076,routine_or_unclear,no incidents
S101592,routine_or_unclear,"additional cover requested by site mgr, signed off.."
S108943,routine_or_unclear,niks om te rapporteer nie
S108665,client_request,"client asked us to stay for the delivery, ok'd by centre mgmt"
S101471,handover_delay,"handover late agn, keys missing"
S108186,relief_no_show,COVERED FOR NDLOVU AGAIN - 3RD TIME THIS MONTH
S102372,relief_no_show,client signed for the extra hours but real reason is relief no show agn
S105629,relief_no_show,"waited for relief, nobody came through"
S100238,client_request,extra hrs approved by client for the event setup
S103418,client_request,extra hours approved by client for the event setup
S108305,client_request,klient het ekstra ure gevra vir stocktake
S102972,relief_no_show,Next shift guard did not pitch. Had to cover.
S102449,client_request,centre mgr requested additional cover for stocktake..
S104536,relief_no_show,"COVERING DLAMINI POST, NO SHOW NO CALL"
S108855,routine_or_unclear,"requested by centre management for load in, signed off"
S106382,relief_no_show,double shift bc relief never pitched
S104699,handover_delay,"waited 40 min for handover, ob book not signed"
S100284,routine_or_unclear,"double duty today, Sithole on family responsibility leave.."
S106896,client_request,Centre manager requested additional cover for stocktake
S102287,client_request,extra hrs approved by client for the event setup
S100470,relief_no_show,"covering Mabaso post, no show no call.."
S103051,routine_or_unclear,"buffer machine kaput, did the floor by hand"
S101438,handover_delay,"handover late agn, keys missing"
S104956,routine_or_unclear,-
S102887,relief_no_show,client signed for the extra hrs but real reason is relieef no show again
S105496,relief_no_show,"relief never arrived, stayed on till 06h00 !"
S107708,routine_or_unclear,Covering for Ngcobo - booked off sick
S106406,routine_or_unclear,"additional cover requested by site manager, signed off"
S101394,routine_or_unclear,
S108604,relief_no_show,"relief only arrived six, stayed until then"
S101046,routine_or_unclear,"gate motor failed, manned it by hand till six"
S106395,relief_no_show,"covering Mthembu postt, no show no call"
S108405,routine_or_unclear,"gate motor failed, manned it by hand till 06:00"
S102416,equipment_failure,"generator fault, stayed to monitor"
S104541,relief_no_show,"Adams didnt come in, covered the post"
S108993,relief_no_show,"next shift akafikanga, ngihlale kuze kube 6"
S105190,routine_or_unclear,as per normal
S106985,client_request,"extra patrol per client email, approved by officce"
S103441,relief_no_show,relief no show AGAIN
S101222,routine_or_unclear,all good
S100315,routine_or_unclear,"no repacement sent, ngicela sort this out"
S108612,relief_no_show,double shift because reief never pitched
S104092,handover_delay,"handover late agn, keys missing"
S107148,routine_or_unclear,all quiet
S109322,client_request,Client asked for extra patrol after the break-in Tuesday
S103819,relief_no_show,"uJacobs akezanga namhlanje, ngimele yena"
S101795,routine_or_unclear,"machine down agn, took twice as long.."
S106892,relief_no_show,"control room sasy relief coming, nobody came"
S100706,client_request,"cllient says stay till 6, dont know if office approved"
S100443,routine_or_unclear,all fine
S108441,routine_or_unclear,"bufefr machine kapu, did the floor by hand"
S102862,relief_no_show,"no replacement sent, ngicela sort this out"
S102601,client_request,Client asked for extra ptrol after the break-in Tuesday
S107530,relief_no_show,"uFourie akezanga namhlanje, ngimele yena"
S101714,relief_no_show,"relief only arrived 06:00, stayed until then.."
S103445,relief_no_show,no relief. stayed. someone must please sort the roster
S100171,client_request,Client asked for extra patrol after the break-in Tuesday..
S105092,routine_or_unclear,fine
S105372,routine_or_unclear,sharp
S107478,client_request,centre manager requested additional cover for stocktake
S103330,client_request,klent het ekstra ure gevra vir stocktake
S103627,relief_no_show,cliient signed for the extra hours but real reeason is relief no show agn
S104250,routine_or_unclear,nothing to report
S104099,routine_or_unclear,n/a
S107066,routine_or_unclear,"requested by centre management for load in, signed off"
S103601,relief_no_show,jacobs off sick. again. covered.
S105011,client_request,Client requested deep clean before the audit - approved
S103634,routine_or_unclear,ntr
S103549,client_request,klient het ekstra ure gevra vir stocktake
S106414,handover_delay,"waited 40 min for handover, OB book not signed"
S102937,relief_no_show,stood in for Molefe
S106884,routine_or_unclear,"GEDEK VIR HENDRICKS, SIEK GEMELD"
S107859,routine_or_unclear,
S107514,client_request,"client wanted extra man on the gate for the event, approved"
S101947,relief_no_show,"covering Mabaso post, no show no cll"
S108374,relief_no_show,"relief only arrived 06h00, stayyed until then"
S104492,relief_no_show,relief no show AGGAIN
S109335,client_request,"client asked us to stay for the delivery, ok'd by centre mgmt"
S108103,routine_or_unclear,no incidents
S101011,handover_delay,"handover late again, keys missing"
S107101,routine_or_unclear,quiet shift
S100886,client_request,klient het ekstra ure gevra vir stocktake
S103065,handover_delay,"waited 40 min for handover, OB book not signed"
S105811,relief_no_show,"still on site, relief was suppose to come 0600"
S100922,client_request,"client wanted extra man on the gate for the event, approved"
S107253,routine_or_unclear,"machine down again, took twice as long"
S100473,client_request,"clint says stay till six, doont know if office approved"
S101512,routine_or_unclear,"lift out of order, everything carried up stairs, took long"
S105973,routine_or_unclear,"Naidoo abset, took her runds as weell"
S109203,routine_or_unclear,"Fourie absen, took her rounds as well"
S102376,client_request,"extra patrol per client emaail, apprroved by office"
S104162,routine_or_unclear,quiet shift
S108378,relief_no_show,"covering Jacobs post, no show no call"
S102860,relief_no_show,"relief never arrived, stayed on till six.."
S108045,relief_no_show,Covered for Sithole agn - 3rd time this month
S100416,client_request,"extra patrol per client email, approved by office"
S100553,relief_no_show,"control room says relief coming, nobody came"
S106578,client_request,centre manager requested additional cover for stocktake !
S103436,relief_no_show,"fourie didnt come in, covered the post"
S106657,handover_delay,"waited 30 min for handover, OB book not signed.."
S100222,routine_or_unclear,
S102131,client_request,"client asked us to stay for the deliivery, ok'd by centre mgmt"
S102206,routine_or_unclear,all good
S107980,relief_no_show,"control room sayys relief coming, noboddy came"
S101027,routine_or_unclear,ntr
S102265,routine_or_unclear,ok
S105840,relief_no_show,"no replacement sent, ngicela sort this out"
S104369,relief_no_show,"covering sibiya post, no show no call"
S109245,routine_or_unclear,no issues on site
S106428,relief_no_show,"waited for relief, nobody came through"
S106726,routine_or_unclear,all quiet
S104286,routine_or_unclear,all good
S109318,relief_no_show,"control room says relief coming, nobody came"
S107314,routine_or_unclear,"gedek vir ngcobo, siek gemeld"
S101268,routine_or_unclear,"took Jacobs shift as wel, 2 posts 1 guard"
S103801,routine_or_unclear,sharp
S102117,handover_delay,shift handover delayed by 25 min
S103605,relief_no_show,Ngcobo off sick. agn. covered.
S105649,relief_no_show,Covered for Zulu again - 3rd time this month
S103805,routine_or_unclear,"covering Zulu post, no sow no call"
S104662,routine_or_unclear,"worked through, Botha at the clinic"
S108863,routine_or_unclear,"double duty today, sithole on family responsibility leave"
S108464,relief_no_show,"next shift akafikanga, ngihlale kuze kue six"
S103768,client_request,"client wanted extra man on the gate for the event, approved"
S106467,client_request,Client asked for extra patrol after the break-in Tuesday
S107876,relief_no_show,"relief never arrived, sayed on till 6am"
S108453,handover_delay,"waited 30 min for handover, OB book not signed"
S106960,client_request,Client asked for extra patrol after the break-in Tuessday
S107620,relief_no_show,client signed for the extra hours but real reason is relief no show again
S106436,relief_no_show,"control room says relief coming, nobody came"
S100015,routine_or_unclear,quiet shift
S109351,handover_delay,"waited 45 min for handover, OB book not signed.."
S101865,handover_delay,"handover late again, keys missing"
S100343,routine_or_unclear,"scrubber broke down, had to do the floor manually"
S102628,routine_or_unclear,"lift out of orrder, everything carried up stairs, took long"
S105144,routine_or_unclear,
S106167,client_request,Client asked for extra patrol after the break-in Tuseday
S109291,relief_no_show,"COVERING MOLEFE POST, NO SHOW NO CALL"
S107036,routine_or_unclear,all quiet
S101324,routine_or_unclear,"requested by centre management for load in, signed off"
S102771,relief_no_show,"no replacement sent, ngicela sort this out"
S103828,routine_or_unclear,"lift out of order, everything carried up stairs, took long"
S106963,relief_no_show,double shift bc relief never pitched..
S100350,routine_or_unclear,"took Maluleke shiift as well, 2 posts 1 guard.."
S105251,routine_or_unclear,no incidents
S109337,routine_or_unclear,"aflos het nie opgedaag nie, moes aanbly"
S107030,routine_or_unclear,akukho lutho
S107531,routine_or_unclear,"MACHINE DOWN AGN, TOOK TWICE AS LONG"
S103094,relief_no_show,"uNaidoo akezanga namhlanje, ngimele yena"
S108359,routine_or_unclear,"gaate motor failed, manned it by hand till 06:00"
S107983,client_request,"stocktake ran over, client asked us to remain, they know they pay for it"
S106270,routine_or_unclear,ntr
S104755,routine_or_unclear,as per normal
S108437,relief_no_show,"relief never arrived, stayed on till 6"
S108936,routine_or_unclear,all good
S104485,routine_or_unclear,
S107191,relief_no_show,Mthembu off sicck. again. covered.
S107032,handover_delay,"oorhandiging was laat, gewag vir sleutels.."
S107658,relief_no_show,Jacobs off sic. again. covered.
S102474,routine_or_unclear,akukho lutho
S108807,routine_or_unclear,"gate motor failed, manned it by hand till 06:00"
S105639,routine_or_unclear,as per normal
S103380,relief_no_show,Next shift guard did not pitch. Had to cover.
S100305,relief_no_show,"uBaloyi akezanga namhlanje, ngimele yena.."
S106612,routine_or_unclear,sharp
S104114,relief_no_show,"relief never arrived, stayed on till 6am"
S107752,equipment_failure,"generator fault, stayed to monitor"
S103631,relief_no_show,"WAITED FOR RELIEF, NOBODY CAME THROUGH"
S101281,routine_or_unclear,akukho lutho
S107724,client_request,"stocktake ran over, client asked us to remain, they know they pay for it"
S108830,routine_or_unclear,"requested by cenre management for load in, siged off"
S106222,routine_or_unclear,"scrubber broke down, had to do the floor manually"
S105604,routine_or_unclear,"ndlovu absent, took her rounds as well"
S104081,relief_no_show,"no replacement sent, ngicela sort this out"
S107132,relief_no_show,stood in for Motaug
S104538,routine_or_unclear,ok
S106341,routine_or_unclear,"double duty today, sibiya on family responsibility leave"
S107889,routine_or_unclear,"additional cover requested by site manager, signed off"
S101533,routine_or_unclear,"gate motor failed, manned it by hand till 06h00"
S103759,client_request,"client wanted extra man on the gate for the event, approved"
S105298,routine_or_unclear,nothing to report
S104929,relief_no_show,"uMolefe akezanga namhlanje, ngimele yena"
S103561,routine_or_unclear,"toook motaung shift as well, 2 posts 1 guard"
S106152,routine_or_unclear,no issues on site
S103404,routine_or_unclear,"took Dlamini shiift as well, 2 psots 1 guard"
S108615,relief_no_show,wyk off sick. again. covered..
S100880,routine_or_unclear,"Ndlovu absent, took her rounds as well"
S106530,handover_delay,shift handover delayed by 25 min
S107460,client_request,"stocktake ran over, client asked us to remain, they know they pay for it.."
S105794,relief_no_show,Covered for Sithole again - 3rd time this month
S108813,client_request,Client asked for extra patrol after the brea-kin Tuesday
S105097,relief_no_show,"still on site, relief was suppose to come 06:00"
S104127,client_request,"client asked us to stay for the delivery, ok'd by centre mgmt.."
S107343,relief_no_show,"umabaso akezanga namhlanje, ngimele yena.."
S107062,routine_or_unclear,"lift out of order, everything carried up stairs, took long"
S100273,routine_or_unclear,Covering for Molefe - booked off sick
S108901,routine_or_unclear,fine
S108349,client_request,klieent het ekstra ure gevra vir stocktake
S107147,routine_or_unclear,"machine down again, took twice as long.."
S100281,routine_or_unclear,"requested by centre management for load in, signed off !"
S100538,client_request,"client asked us to stay for the delivery, ok'd by centre mgmt.."
S106516,handover_delay,"handover late again, keys missing.."
S108299,routine_or_unclear,no issues on site
S100596,handover_delay,shift handover delayed by 45 min
S102082,relief_no_show,"covering Ndlovu post, no show no call"
S104102,relief_no_show,"usibiya akezanga namhlanje, ngimele yena.."
S100691,routine_or_unclear,"machine down again, took twice as long"
S104098,routine_or_unclear,fine
S105612,routine_or_unclear,"Botha absent, took her rounds as well.."
S101811,relief_no_show,Next shifft guard did not pitch. Had to cover.
S100381,relief_no_show,"still on site, relief was supose to come six"
S108015,relief_no_show,"COVERING SIBIYA POST, NO SHOW NO CALL"
S106575,routine_or_unclear,"took Mthembu shift as well, 2 possts 1 guard"
S104461,routine_or_unclear,no incidents
S109344,relief_no_show,motaung off sick. again. covered.
S105742,routine_or_unclear,"Motaung absent, took her rounds as well"
S107902,relief_no_show,"next shift akafikanga, ngihlale kuze kube 06h00"
S108847,routine_or_unclear,"reequested by centre management for load in, signed off.."
S109070,routine_or_unclear,"gedek vir Wyk, siek gemeld"
S105652,handover_delay,"handover late agn, keys missing"
S108189,client_request,Client requested deep clean before the audit - approved..
S101786,handover_delay,"handover late agian, keys missing"
S107322,routine_or_unclear,"client says stay till 06h00, dont know if office apprved"
S108597,handover_delay,"handover late an, keys missing.."
S101542,relief_no_show,"relief never arrived, stayed on till 06:00"
S102467,routine_or_unclear,sharp
S101960,routine_or_unclear,"requested by centre management for load in, signed off"
S103581,client_request,extra hrs approved by client for the event setup
S100291,routine_or_unclear,fine
S100640,routine_or_unclear,quiet shift
S103417,relief_no_show,stood in for maluleke
S103787,equipment_failure,"generator fault, stayed to monitor"
S106663,routine_or_unclear,"buffer machine kaput, did the floor by hand"
S109355,routine_or_unclear,no incidents
S101494,routine_or_unclear,all quiet
S106413,relief_no_show,double shift beccause relief never pitched
S102366,relief_no_show,"nxet shift akafikanga, ngihlale kuze kube 06:00"
S109381,routine_or_unclear,"scrubber broke down, had to do the floor manually"
S105820,client_request,extra hrs approved by client for the event setup
S103804,routine_or_unclear,all fine
S100567,client_request,clint requested deep clean before the audit - approved
S107814,routine_or_unclear,"scrubber broke down, had to do the floor manually !"
S106214,relief_no_show,double shift because relief never pitched
S104104,client_request,"client asked us to saty for the delivery, ok'd by centre mgmt !"
S108438,relief_no_show,stood in for Fuorie..
S106101,routine_or_unclear,"aflos het nie opgedaag nie, mooes aanbly"
S101900,client_request,"extra patrol per client email, approved by office"
S101758,client_request,Client requested deep clean before the audit - approved
S103750,routine_or_unclear,"gate motor failed, manned it by hand till six"
S104210,relief_no_show,"Tshabalala didnt come in, covered the post.."
S102428,client_request,"stocktake ran over, client asked us to remain, they know they pay for it"
S101589,relief_no_show,"conntrol room says relief coming, nobody came"
S108459,routine_or_unclear,"scrubber broe down, had to do the floor manually"
S106458,client_request,"client says stay till 6am, dont know if office approved"
S104579,handover_delay,"handover late agn, keys missing"
S102522,client_request,"client says stay till 06:00, dont know if office approved"
S101853,client_request,"client says stay till 6, dont know if office approved"
S101531,relief_no_show,Covered for Wyk again - 3rd time this month
S101187,routine_or_unclear,
S107895,relief_no_show,"still on siet, relief was suppose to come 06:00.."
S106397,relief_no_show,client signed for the extra hrs but real reason is relief no show agn
S106711,routine_or_unclear,ntr
S103587,routine_or_unclear,"aflos het nie opgedaag nie, moes aanbly"
S100408,routine_or_unclear,ok
S106940,routine_or_unclear,"Dlmini asent, took her rounds as well"
S106816,relief_no_show,no relief. stayed. someone must please sort the rooster
S100299,relief_no_show,"waited for relief, nobody came through"
S100549,routine_or_unclear,"requested by centre management for load in, signed off"
S101396,relief_no_show,"uMolefe akezanga namhlanje, ngimele yena.."
S100266,client_request,klient het ekstra ure gevra vir stocktake
S106166,routine_or_unclear,"double duty today, Fourie on family responsibility leave"
S107510,relief_no_show,"covering Mahlangu post, no show no call"
S106069,routine_or_unclear,"gate motor failed, manned it by hand till 0h600"
S107921,client_request,extra hours approved by client for the event setup
S100277,handover_delay,shift handover delayed by 20 min
S100712,relief_no_show,adams off sick. again. covered.
S104567,routine_or_unclear,as per normal
S100797,routine_or_unclear,ok
S108503,routine_or_unclear,sharp
S106863,routine_or_unclear,no issues on site
S105139,relief_no_show,Next shift guard did not pitch. Had to cover.
S108280,relief_no_show,stood in for sibiya
S109124,client_request,Clieent requested deep clean before the audit - approved
S106093,relief_no_show,"waited for relief, nobody came through"
S106268,routine_or_unclear,as per normal
S105124,relief_no_show,double shift because relief never pitched
S102948,relief_no_show,"relief only arrived six, stayed until then.."
S101081,routine_or_unclear,nothing to report
S105625,routine_or_unclear,"additional cover requested by site manager, signed off"
S104037,equipment_failure,"masjien is stukkend, alles met die hand gedoen"
S105960,routine_or_unclear,"radebe absent, took her rounds as well"
S100537,routine_or_unclear,Covering for Mavuso - booked off sick..
S109200,routine_or_unclear,ntr
S102385,relief_no_show,stood in for Naidoo
S101042,relief_no_show,"uNdlovu akezanga namhlanje, ngimele yean"
S108254,routine_or_unclear,Covering for Fourie - booked off siick
S106011,client_request,"extra patrol per client email, approved by office"
S101573,relief_no_show,"uNkosi akezanga namhlanje, ngimele yeena"
S105696,relief_no_show,"uNkosi akezanga namhlanje, ngimele yena"
S103370,relief_no_show,"coovering Baloyi post, no show no call"
S100181,relief_no_show,"still on sitee, relief was suppose to come 6am"
S108268,routine_or_unclear,Radebe off sikc. again. cvered..
S105572,routine_or_unclear,fine
S103808,relief_no_show,"coverign Mavuso post, no show no call"
S101817,relief_no_show,double shift because relief never pitched
S108371,routine_or_unclear,.
S108540,relief_no_show,"next shift akafikanga, ngihlale kuze kube 06h00"
S106935,client_request,"stocktake ran over, client asked us to remain, they knnow they pay for it"
S109156,equipment_failure,"generator fault, stayed to monitor"
S100726,routine_or_unclear,"gate motor failed, manned it by hand till six"
S103382,relief_no_show,"waited for relief, nobody came through"
S102640,routine_or_unclear,"machine dowwn aggn, took twice as long"
S103033,routine_or_unclear,"aflos het nie opgedaag nie, moes aanbly"
S109286,client_request,"client wanted extra man on the gate for the event, approved"
S103604,relief_no_show,stood in for Mokoena
S100052,client_request,Client requested deep clean before the audit - approved
S107154,routine_or_unclear,sharp
S107291,client_request,extra hrs approved by client for the event setup
S106495,client_request,"client wanted extra man on the gate for the event, approved.."
S105669,routine_or_unclear,
S106182,routine_or_unclear,all quiet
S103440,equipment_failure,"generator fault, stayed to monitor.."
S100516,routine_or_unclear,"double duy today, adams on family responsibility leave"
S105883,routine_or_unclear,-
S100363,equipment_failure,"generator fault, stayed to monitor.."
S106025,client_request,"client says stay till six, dont know if office approved"
S103703,relief_no_show,doouble shift bc relief never pitched
S103757,client_request,centre manager requested additional cover for stocktake
S101612,client_request,"client asked us to stay for the delivery, ok'd by centre mgmt"
S102247,handover_delay,"waited 20 min for handover, OB book not signed"
S109254,client_request,"client says stay till six, dont know if office approved.."
S101501,handover_delay,"late handover, waiting on paperwork"
S107309,routine_or_unclear,no incidents
S102584,equipment_failure,"masjien is stukkend, alles met die hand gedoen"
S100200,relief_no_show,"no replacement sent, ngicela sort this out"
S103476,routine_or_unclear,"SCRUBBER BROKE DOWN, HAD TO DO THE FLOOR MANUALLY"
S108439,routine_or_unclear,"lift out of order, everything carried up stairs, took lng"
S108057,routine_or_unclear,"double duty today, Sithole on family responsibility leave !"
S108088,equipment_failure,"masjien is stkkend, alles met die hand geddoen"
S103864,routine_or_unclear,ok
S101330,routine_or_unclear,akukho lutho
S108094,routine_or_unclear,"lift out of orde,r everything carried up stairs, took long"
S108510,routine_or_unclear,ok
S101480,relief_no_show,stood in for Dlamini
S109289,relief_no_show,client signed for the extra hrs but real reason is relief no show agn
S102835,routine_or_unclear,"relef only arrived 6am, stayed until then.."
S108064,relief_no_show,baloyi off sick. agn. covered.
S100548,relief_no_show,stood in for fourie
S105079,relief_no_show,"control room says relief coming, nobody came"
S107135,client_request,Centre mgr requested additional cover for stocktake
S104344,routine_or_unclear,"Jacobs absent, took her rounds as well"
S101630,client_request,"stocktake ran over, client asked us to remain, they know they pay for it"
S103170,routine_or_unclear,fine
S101566,routine_or_unclear,sharp
S102828,routine_or_unclear,akukho lutho
S107529,routine_or_unclear,"worked through, Zulu at the clinic"
S107515,routine_or_unclear,akukho lutho
S108864,routine_or_unclear,"aflos het nie opgedaag nie, moes aanbly"
S108457,handover_delay,shitf handover delayed by 25 min
S106995,routine_or_unclear,"double duty today, Adams on family responsibility leave"
S104151,handover_delay,"handover late again, keys missing"
S103790,routine_or_unclear,"worked through, dlamini at the clinic"
S101197,routine_or_unclear,ntr
S101718,routine_or_unclear,fine
S101587,handover_delay,"late handover, waitng on paperwork"
S107156,relief_no_show,"usithole akezanga namhlanje, ngimeel yena"
S101092,routine_or_unclear,no issues on site
S106356,routine_or_unclear,"worked through, Sithole at the clinic"
S102632,relief_no_show,"uMahlangu akezanga namhlanje, ngimele yena.."
S107359,routine_or_unclear,"additional cover requested by site manager, signed off"
S102118,routine_or_unclear,all quiet
S108650,routine_or_unclear,"double duty today, Hendricks on family responsibility leave"
S105655,handover_delay,"handover late agn, keys missing"
S107623,client_request,Centre manager requested additional cover for stocktake
S108743,routine_or_unclear,"worked through, Mokoena at the clinic"
S100665,routine_or_unclear,"Molefe absent, took her rounds as well"
S103435,routine_or_unclear,"gedek vir Wyk, siek gemeld"
S106108,relief_no_show,RELIEF NO SHOW AGAIN
S105842,relief_no_show,"relief never arrived, stayed on till six"
S106086,client_request,"extra patrol per client email, approved by office !"
S104859,client_request,"extra patrol per client email, approved by office"
S107212,routine_or_unclear,
S103756,client_request,"stocktake ran over, client asked us to remain, they know they pay for it"
S104304,relief_no_show,double shift because relief never pitched
S100332,relief_no_show,"covering Zulu post, no show no call"
S102371,relief_no_show,Khumalo off sick. again. covered.
S107991,relief_no_show,Covered for Ndlovu agn - 3rd time this month
S100302,client_request,client requested deep clean before the audit - approved
S102062,routine_or_unclear,"double duty today, Pillay on family responsibility leave"
S107810,handover_delay,"oorhandiging was laat, gewag vir sleutels"
S106116,routine_or_unclear,"gedek vir Zulu, siek gemeld.."
S104043,handover_delay,"waited 25 min for handover, OB book not signed"
S104333,relief_no_show,Next shift guard did not pitch. Had to cover.
S104906,routine_or_unclear,"machine down agn, took twice as long"
S105451,routine_or_unclear,all quiet
S108872,handover_delay,"late handover, waiting on paperwork"
S108027,client_request,klient het ekstra ure gevra vir stocktake
S107476,routine_or_unclear,"worked through, Sibiya at the clinic"
S102766,routine_or_unclear,.
S103672,routine_or_unclear,no issues on site
S105472,routine_or_unclear,-
S107747,routine_or_unclear,"machine down agn, took twice as long"
S107208,handover_delay,shift handover delayed by 30 min !
S107555,handover_delay,SHIFT HANDOVER DELAYED BY 40 MIN
S100891,relief_no_show,no relief. stayed. someone must please srt the roster
S106282,client_request,"CLIENT ASKED US TO STAY FOR THE DELIVERY, OK'D BY CENTRE MGMT"
S102843,routine_or_unclear,as per normal
S109339,relief_no_show,double shift beacuse relief never pitched
S104674,routine_or_unclear,quiet shift
S102694,routine_or_unclear,ok
S101629,client_request,Cetre manager requested additional cover for stocktake
S109086,routine_or_unclear,nothing to report
S108692,client_request,klient het ekstra ure gevra vir stocktake
S107462,handover_delay,"handover late again, keys missing"
S106103,relief_no_show,covered for molefe again - 3rd time this month
S105103,routine_or_unclear,-
S106879,relief_no_show,"uMavuso akezana namhlanje, ngimele yean"
S104654,handover_delay,"handover late again, keys missing"
S101764,client_request,"STOCKTAKE RAN OVER, CLIENT ASKD US TO REMAIN, THEY KNOW THEY PAY FOR IT.."
S100498,client_request,"stocktake ran over, client asked us to remain, they know tehy pay for it"
S102011,routine_or_unclear,all good
S103449,client_request,"client asked us to stay for the deliverry, ok'd by centre mgmt.."
S105682,routine_or_unclear,all quiet
S106607,routine_or_unclear,"wroked through, Mabaso at the clinic"
S102744,client_request,Client requested deep clean before the audit - approved !
S103824,routine_or_unclear,nothing to report
S107616,routine_or_unclear,-
S106424,routine_or_unclear,covering for molefe - booked off sick
S106137,handover_delay,"waited 45 min for handover, ob book not signed"
S102719,routine_or_unclear,"machine down agn, took twice as long"
S101504,routine_or_unclear,"took Sithole shift as well, 2 posts 1 guard"
S102874,relief_no_show,"Ngcobo didnt come in, covered the post"
S105098,routine_or_unclear,"requessted by centre management for load in, signed off"
S105180,routine_or_unclear,"took Baloyi shift as well, 2 posts 1 guard"
S107046,handover_delay,"waited 40 min for handover, OB book not signed"
S102676,routine_or_unclear,"worked through, motaung at the clinic !"
S105322,client_request,extra hours approved by client for the event setup
S107350,client_request,Centre manager requested additional cover for stocktake
S107707,relief_no_show,no relief. stayed. someone must pls sort the roster
S106277,relief_no_show,"Fourie didnt come in, covered the post"
S108049,client_request,"client wanted extra man on the gate for the event, approved"
S101735,routine_or_unclear,as per normal
S103842,routine_or_unclear,"took Radebe shift as well, 2 posts 1 guard"
S100398,routine_or_unclear,"double duty today, adams on family responsibility leave"
S100319,client_request,"client asked us to stay for the delivery, ok'd by centre mgmt"
S108777,routine_or_unclear,no incidents
S106576,relief_no_show,"control room says relief coming, nobody came"
S108538,routine_or_unclear,nothing to report
S106370,client_request,"stocktake ran over, client asked us to remain, they know they pay for it"
S107336,client_request,"client wanted extra man on the gate for the event, approved"
S106801,routine_or_unclear,"took Sibiya shift as well, 2 posts 1 gurad !"
S100331,handover_delay,"late handover, waitting on paperwork.."
S101887,client_request,extra hrs approved by client for the event setup..
S100525,routine_or_unclear,"requested by centre management for load in, signed off"
S102246,relief_no_show,"next shift akafikanga, ngihlale kuze kube six"
S108330,routine_or_unclear,ok
S105314,relief_no_show,"khumalo didnt comme in, covered the post"
S103111,routine_or_unclear,"requested by centre management for load in, signed off"
S106974,routine_or_unclear,covering for wyk - booked off sck
S102866,routine_or_unclear,"aflos het nie opgedaag nie, moes aanbly"
S101384,routine_or_unclear,stod in for Sithole
S106096,relief_no_show,"ufourie akezanga namhlanje, ngimele yena"
S107944,routine_or_unclear,"requested by centre management for load in, signed off"
S101166,client_request,klient het ekstra ure gevra vir stocktake
S104424,routine_or_unclear,all quiet
S102408,handover_delay,"wated 40 min for handover, OB book not signed"
S106818,routine_or_unclear,.
S107060,relief_no_show,Covered for Botha again - 3rd time this month..
S100307,routine_or_unclear,"additional cover requested by site mgr, signed off"
S103057,routine_or_unclear,no incidents
S106569,routine_or_unclear,"gedek vir Mokoena, siek gemeld.."
S100134,handover_delay,"waited 20 min for handover, OB book not signed"
S100649,client_request,Client requested deep clean before the audit - approved
S102054,client_request,kllient het ekstra ure gevra vir stocktake
S106281,routine_or_unclear,Covred for Mavuso again - 3rd time this month
S105582,equipment_failure,"generator fault, stayed to monitor"
S103702,relief_no_show,stood in for Mokoena
S100773,routine_or_unclear,as per normal
S103475,routine_or_unclear,all good
S101458,relief_no_show,"COVERING MAHLANGU POST, NO SHOW NO CALL"
S108745,handover_delay,"late handover, waiting on paperwork"
S108265,relief_no_show,no relief. stayed. someone mut please sort the roster
S107404,routine_or_unclear,n/a
S107077,relief_no_show,stood in for Sibiya
S105755,routine_or_unclear,"lift out of order, everything carried up stairs, took loong"
S106286,handover_delay,"late handover, waiting on paperwork"
S106440,relief_no_show,"next shift akafikanga, ngihlale kuze kube six"
S102086,routine_or_unclear,all quiet
S103486,routine_or_unclear,"worked through, Wyk at the clinic"
S103158,handover_delay,"waited 25 min for handover, OB book not signed"
S102971,client_request,extra hours approved by client for the event setup
S101051,routine_or_unclear,fine
S105647,client_request,Client asked for extra patrol after the break-in Tuesday
S101820,relief_no_show,"covering Ngcobo post, no show no call"
S101768,equipment_failure,"generator fault, stayed to monitor"
S106091,routine_or_unclear,"worked through, mavuso at the clinic"
S105295,routine_or_unclear,n/a
S107709,relief_no_show,no relief. stayed. someone must please sort the roster
S107617,handover_delay,"handover lae again, keys missing"
S103039,handover_delay,"waited 50 min for handover, OB book not signed"
S101609,relief_no_show,"covering Cele post, no show no call"
S109137,client_request,extra hours approved by client for the event setup
S105287,routine_or_unclear,as per normal
S105958,routine_or_unclear,quiet shift
S109346,routine_or_unclear,all good
S108892,routine_or_unclear,"worked through, Sibiya at the clinic"
S107950,handover_delay,"handover late again, keys missiing"
S108035,client_request,"client wanted extra man on the gate for the event, approved"
S102930,routine_or_unclear,"additional cover requested by site manager, signed off"
S107017,routine_or_unclear,niks om te rapporteer nie
S101524,relief_no_show,"control room says relief coming, nobody camme"
S106728,relief_no_show,"nexxt shift akafikanga, ngihlale kuze kube 06h00"
S106394,client_request,klient het ekstrra ure gevra vir stocktake
S104415,relief_no_show,Covered for Mthembu agn - 3rd time this month
S103765,client_request,"extra patrol per client email, approved by office"
S100558,routine_or_unclear,"requested by centre management for load in, signed off"
S103614,routine_or_unclear,"additional cover requested by site manager, signed off"
S105922,relief_no_show,Covered for Wyk again - 3rd time this month..
S106407,relief_no_show,Naidoo off sick. again. covered.
S101313,routine_or_unclear,sharp
S106100,handover_delay,"waited 50 min for handover, ob book not signed"
S101614,routine_or_unclear,"aflos het nie opgedaag ne, moes aanbly"
S105641,routine_or_unclear,"double dutty today, molefe on fmaily responsibility leave.."
S104433,routine_or_unclear,"lift out of order, everything carried up stairs, took long"
S100057,routine_or_unclear,sharp
S101497,routine_or_unclear,n/a
S105204,routine_or_unclear,"buffer machine kaput, did the floor by hand"
S108450,client_request,"extra patrol per client email, approved by office"
S105609,client_request,Client asked for extra patrol after the break-in Tuesday
S100795,routine_or_unclear,-
S104407,relief_no_show,"relief only arrived 0600, stayed until then"
S105854,routine_or_unclear,ntr
S107175,routine_or_unclear,no incidents
S107368,client_request,"client says sttay till six, dont know if office approved"
S101748,client_request,Centre manager requested additional cover for stocktake
S104326,client_request,"stocktake ran over, client asked us to remain, they know they pay for it"
S108683,routine_or_unclear,"additional cover requested by site manager, signed off"
S105737,routine_or_unclear,fine
S109177,routine_or_unclear,ok
S107873,relief_no_show,Sibiya off sick. agn. covered.
S100114,handover_delay,"waited 25 min for handover, ob book not signed"
S103831,relief_no_show,"uWyk akezanga namhlanje, ngimele yena"
S102079,routine_or_unclear,all good
S104665,client_request,Client asekd for extra patrol after the break-in Tuesday
S105651,handover_delay,"oorhandiging was lata, gewag vir sleutels"
S100389,equipment_failure,"masjien is stukkedn, alles met die hand gedoen.."
S107711,handover_delay,SHIFT HANDOVER DELAYED BY 40 MIN
S108496,routine_or_unclear,no incidents
S106753,routine_or_unclear,"took botha shift as well, 2 posts 1 guard"
S103779,relief_no_show,"control room says relief coming, nobody came"
S105658,client_request,Client requested deep clean befre the audit - approved
S106880,client_request,"extra patrol per client email, approved by ofice"
S100276,handover_delay,"late handover, waiting on paperwork"
S106220,client_request,Client requested deep clean before the audit - approved
S107418,routine_or_unclear,all quiet
S104901,equipment_failure,"generator fault, stayed to monitor"
S107297,relief_no_show,double shift because relief never pitched
S108899,equipment_failure,"masjien is stukkend, alles met die hand gedoen"
S102709,routine_or_unclear,-
S107372,relief_no_show,"uNgcobo akezanga namhlanje, ngimele ynea"
S109370,relief_no_show,"still on site, relief was suppose to come 06:00"
S109272,equipment_failure,"generator fault, stayed to monitor"
S103799,relief_no_show,"relief never arrived, stayed on till 06h00"
S104108,relief_no_show,next shift guard did not pitch. had to cover..
S102977,routine_or_unclear,"gedek vir Mthembu, siek gemeld !"
S103868,routine_or_unclear,"requested by centre management for load in, signed off"
S107802,routine_or_unclear,.
S104312,routine_or_unclear,.
S107243,routine_or_unclear,"worked through, Sibiya at the clinic"
S100325,client_request,klient het ekstra ure gevra vir stocktake
S101773,client_request,"client says stay till 06h00, dont know if office approved"
S108846,handover_delay,"handover late agn, keys missing"
S101203,routine_or_unclear,"gedek vir Mthembu, siek gemeld"
S106597,client_request,"client says stay till 06h00, dont know if office approved"
S101888,relief_no_show,no relief. stayed. someone mut please sort the roster..
S107461,routine_or_unclear,"aflos het nie opgedaag nie, moes aanly"
S106344,relief_no_show,"umaluleke akezanga namhlanje, ngimele yeena"
S109397,routine_or_unclear,fine
S105504,client_request,"client asked us to stay for the delivery, ok'd by centre mgmt"
S102288,client_request,extra hrs approved by client for the event setup
S104628,routine_or_unclear,Covering for Adams - booked off sick
S106519,relief_no_show,no relief. stayed. someone must please sort the roster
S104644,routine_or_unclear,niks om te rapporteer nie
S100172,relief_no_show,"uSibiya akezanga namhlanje, ngimele yena"
S108096,relief_no_show,RELIEF NO SHOW AGAIN
S103599,handover_delay,shift handover deelayed by 40 min !
S108176,client_request,"stocktake ran over, client asked us to remain, they know they pay for it"
S105643,handover_delay,"handover late again, keys missing"
S101740,client_request,extra hrs approved by client for the event setup
S102995,routine_or_unclear,as per normal
S104319,routine_or_unclear,"Tshabalala absent, took her rounds as well"
S106228,client_request,"extra patrol per client email, approved by office"
S107960,relief_no_show,"covering Naidoo post, no show no call"
S104406,handover_delay,"oorhandiging was laat, gewag vir sleutels"
S103004,routine_or_unclear,"requested by centre managemennt for load in, signed off !"
S104421,routine_or_unclear,"scrubber broke down, had to do the floor manually"
S103392,relief_no_show,"next shift akafikanga, ngihlale kuze kube 6.."
S101089,equipment_failure,"masjien is stukkend, ales met die hand gedoen !"
S107862,routine_or_unclear,"lift out of order, everything carried up stairs, took long"
S100345,relief_no_show,"uMahlangu akezanga namhlanje, ngimele yena"
S106623,routine_or_unclear,"double duty today, Hendricks on family responsibility leave"
S108674,client_request,"client says stay till 0600, dont know if office approved"
S108192,client_request,"stocktake ran over, client asked us to remain, they know they pay for it"
S104689,relief_no_show,"Maluleke didnt come in, covered the post"
S104878,routine_or_unclear,"double duty today, Jacobs on family responsibility leae.."
S108196,client_request,"client wanted extra man on the gate for the event, approved !"
S107497,routine_or_unclear,"double duty today, Motaung on family responsibility leave"
S103401,relief_no_show,no relief. stayed. someone must please sort the roster
S100710,routine_or_unclear,"no replacment sent, ngicela sort this out"
S105319,routine_or_unclear,"double duty today, Sibiya on family responsibility leave"
S103592,relief_no_show,"relief only arrived sxi, stayed until then.."
S108446,client_request,kliennt het ekstra ure gevra vir stocktake
S107986,client_request,"extra patrol per client email, approved by office"
S106383,relief_no_show,"ungcobo akezanga namhlanje, ngimele yena"
S109100,client_request,"client wanted extra man on the gate for the event, approved"
S104885,handover_delay,"late handover, waiting on paperwork !"
S103044,relief_no_show,double shift bc relief never pitched
S105817,routine_or_unclear,ok
S103443,routine_or_unclear,"lift out of order, everything carried up stairs, took long"
S105267,routine_or_unclear,"bfufer machine kaput, did the floor by hand"
S106432,handover_delay,"oorhandiging was laat, gewag vir sleutels"
S107698,relief_no_show,"no replacement sent, ngicela sort this out"
S106374,client_request,Centre mgr requested additional cvoer for stocktake
S107985,relief_no_show,stood in for zulu
S105143,routine_or_unclear,"lift out of order, everything caried up stairs, took long"
S105302,routine_or_unclear,"double duty today, Fourie on famiy responsibility leave"
S101859,client_request,klient het ekstra ure gevra vir stocktake
S100868,routine_or_unclear,ntr
S100269,relief_no_show,no relief. stayed. someone must please sort the roster
S108858,relief_no_show,"botha didnt come in, covered the post.."
S108494,client_request,"client says stay till 6, dont kow if office approved"
S100283,handover_delay,"oorhandiging was laat, gewag vir sleutles !"
S108586,handover_delay,"handover latte again, keys missing"
S100771,relief_no_show,Covered for Fourie again - 3rd time this month..
S105780,routine_or_unclear,ntr
S104883,routine_or_unclear,ok
S107995,relief_no_show,stood in for mabaso
S106316,routine_or_unclear,extra hrs appproved by client for the event setup
S103446,equipment_failure,"generator fault, stayed to monitor"
S100535,equipment_failure,"generator falut, stayed to monitor"
S107049,routine_or_unclear,"lift out of order, everything carried up stairs, took long"
S102839,routine_or_unclear,"aflos het nie opgedaag nie, moes aanblly"
S103610,relief_no_show,no relief. stayed. someone must please sort the roster
S104382,routine_or_unclear,niks om te rapporteer nie
S108357,relief_no_show,"covering Ndlovu post, no show no call"
S103685,equipment_failure,"generator fault, stayd to monitor"
S106148,handover_delay,"handover late again, keys missing"
S102498,routine_or_unclear,ntr
S107042,relief_no_show,"covering Molefe post, no show no call"
S104646,client_request,"stocktake ran over, client asked us to remain, they know they pay for it"
S101526,routine_or_unclear,"worked throuugh, September at the clinic"
S107967,routine_or_unclear,"waited for releif, nobody came through"
S107549,routine_or_unclear,
S105630,handover_delay,shift handover delayed by 30 min
S105327,routine_or_unclear,Covering for Botha - booked off sick
S108130,routine_or_unclear,"additional cover requested by site mgr, signed off"
S106201,routine_or_unclear,-
S106899,relief_no_show,"uMokoena akezanga namhlanje, ngimele yena"
S107524,routine_or_unclear,"double duty today, Sibiya on family responsibility leave"
S103153,routine_or_unclear,"worked through, Sibiya at the clinic"
S104338,relief_no_show,"Nkosi didnt come in, covered the post"
S100724,client_request,"client wanted extra man on the gate for the evvent, approved !"
S104648,routine_or_unclear,.
S104083,routine_or_unclear,"september absent, took her rounds as well"
S107344,handover_delay,"handover late agn, keys missing"
S103612,routine_or_unclear,shift hadnover delayed by 30 min
S102378,client_request,"client waned extra man on the gate for the event, approved"
S106888,handover_delay,"oorhandiging was laat, gewag vir sleutels"
S105165,routine_or_unclear,"aflos het nie opgedaga niie, moes anbly"
S105888,client_request,klient het ekstra ure gevra vir stocktake..
S102710,routine_or_unclear,"tshabalala absent, took her rounds as well"
S106661,handover_delay,"waited 30 min for handover, OB book not signed.."
S102302,routine_or_unclear,"gedek vir Adams, siek gemeld"
S107989,relief_no_show,"control room says relief comin, nobody came"
S105809,relief_no_show,"control room says relief coming, nobody came !"
S103143,relief_no_show,stood in for Baloyi
S102309,routine_or_unclear,all good
S107728,relief_no_show,stood in for Maluleke
S107898,relief_no_show,"relief only arrived 6am, stayed until then"
S106422,handover_delay,"late handover, waiiting on paperwork"
S106283,client_request,extra hrs approved by client for the event setup
S106415,equipment_failure,"masjien is stukkend, alles met die hand gedoen"
S106276,routine_or_unclear,nothing to report
S103020,relief_no_show,Botha off sick. agn. covered.
S108204,client_request,klient het ekstra ure gevra vir stocktake
S101096,routine_or_unclear,"tok Botha shift as well, 2 posts 1 guard"
S105634,routine_or_unclear,"requested by centre management for load in, signed off"
S101833,relief_no_show,"uhendrciks akezanga namhlanje, ngimele yena.."
S108364,routine_or_unclear,"additional cover requested by site manager, signed off"
S103068,relief_no_show,"Wyk didnt coome in, covered the post"
S101059,routine_or_unclear,"WORKED THROUGH, SIBIYA AT THE CLINIC.."
S100360,routine_or_unclear,"gate motor failed, manned it by hand tilll 0600.."
S102441,routine_or_unclear,covering for maluleke - booked off sick
S105488,routine_or_unclear,akukho lutho
S107400,routine_or_unclear,all fine
S102824,relief_no_show,"control room says relief coming, nobody came"
S107235,routine_or_unclear,nothing to report
S106874,relief_no_show,"baloyi didnt come in, covered the post"
S106788,routine_or_unclear,"additional cover requested by site mgr, signed off"
S107521,relief_no_show,"relief only arrived 06:00, stayyed until then"
S107155,routine_or_unclear,quiet shift
S107308,routine_or_unclear,all good
S107072,relief_no_show,"still on site, relief was suppose to come six !"
S101898,relief_no_show,"Sibiya didnt come in, covered the post"
S104077,routine_or_unclear,"took Ngcobo shift as well, 2 posts 1 guard"
S102140,routine_or_unclear,"scrubber broke down, had to do the floor manually"
S106906,relief_no_show,next shift guard did not pitch. had to cover..
S106659,routine_or_unclear,"Wyk absent, took her rounds as well"
S108596,routine_or_unclear,all fine
S109349,routine_or_unclear,n/a
S104858,routine_or_unclear,Covering for Ngcobo - booked off sick
S100523,relief_no_show,relief no show AGAIN
S104204,relief_no_show,"covering molefe post, no show no call"
S103595,relief_no_show,"umolefe akezanga namhlanje, ngimele yena"
S108047,routine_or_unclear,all quiet
S109308,relief_no_show,"uZulu akezanga namhlanje, ngimele yena"
S105050,relief_no_show,stood in for Pillay..
S106433,client_request,extra hrs approved by client for the event setup
S103585,relief_no_show,no relief. stayed. someone must pls sort the roster
S100972,routine_or_unclear,all quiet
S102704,routine_or_unclear,ntr
S105748,relief_no_show,"Mavuso didnt come in, covered the post.."
S109111,routine_or_unclear,
S102010,routine_or_unclear,shift hanndover delayed by 30 min
S105626,relief_no_show,"covering Mahlangu post, no show no call"
S101392,handover_delay,"handover late again, keys missing"
S107771,routine_or_unclear,-
S104924,routine_or_unclear,"Naidoo absent, tok her roudns as well"
S100849,routine_or_unclear,no issues on site
S107541,routine_or_unclear,fine
S103960,relief_no_show,"no replacement sent, ngicela sort this out"
S102399,routine_or_unclear,"worked through, Molefe at the clinic"
S104498,routine_or_unclear,"requested by centre management for load in, signed off"
S100311,relief_no_show,no relief. stayed. someone must please sort the roster..
S107355,routine_or_unclear,Covering for Naidoo - booked off sick..
S105207,routine_or_unclear,sharp
S102913,routine_or_unclear,quiet shift
S104834,routine_or_unclear,n/a
S104231,handover_delay,"oorhandiging was laat, gewag vir sleutels"
S104030,relief_no_show,"waited for relief, nobody came through"
S100774,client_request,Centre manager requested additional cover for stocktake
S101839,routine_or_unclear,quiet shift
S102944,routine_or_unclear,n/a
S103411,client_request,ceentre manager rqeuested additional cover for stocktake
S108179,relief_no_show,"Motaung didnt come in, covered the post"
S106154,handover_delay,"waited 20 min for handover, ob book not signed !"
S106133,relief_no_show,stood in for Wyk
S103061,equipment_failure,"generator fault, stayed to monitor.."
S100584,routine_or_unclear,"still on site, reelief was suppose to come 06:00"
S101099,handover_delay,"oorhandiging was laat, gewag vir sleutels"
S105363,relief_no_show,"uJacobs akezanga namhlanje, ngimele yena"
S103710,handover_delay,shift handover delayed by 20 min
S108037,routine_or_unclear,"lift out of order, everything carried up stairs, took long"
S105002,client_request,Clint requsted deep clean before the audit - approved
S100043,routine_or_unclear,nothing to report
S102847,client_request,etxra hrs approved by client for the event setup
S106613,routine_or_unclear,sharp
S105431,relief_no_show,stood in for Nkosi
S107244,handover_delay,"waited 25 min for handover, OB book not signed"
S107699,routine_or_unclear,no incidents
S106140,routine_or_unclear,sharp
S106965,routine_or_unclear,"requested by centre maangement for load in, signed off"
S108481,routine_or_unclear,ntr
S106021,client_request,Client asked for extra patrol after the break-in Tuesdaay
S107465,routine_or_unclear,fine
S104653,routine_or_unclear,"buffer machine kaput, did the floor by hand"
S103535,routine_or_unclear,all quiet
S101987,routine_or_unclear,quiet shift
S108585,routine_or_unclear,"worked through, Adams at the clinic"
S108003,relief_no_show,"covering Hendrricks post, no show no call"
S108898,relief_no_show,"ujacobs akezanga namhlanje, ngimele yena"
S100600,routine_or_unclear,Covering for Mavuso - booked off sick
S102555,routine_or_unclear,"gedek vir molefe, siek gemeld.."
S104010,routine_or_unclear,"took Ndlovu shift as well, 2 psots 1 guard"
S103664,routine_or_unclear,.
S100894,client_request,"cliennt says stay till 6, dont know if office approved.."
S109246,routine_or_unclear,fine
S103010,client_request,Centre mgr requested additional cover for stocktake..
S102008,routine_or_unclear,"worked through, Naidoo at the clinic"
S106263,routine_or_unclear,"gate motor failed, manned it by hand till 06:00"
S100576,relief_no_show,Covered for Mokoena agn - 3rd time this month
S100488,routine_or_unclear,fine
S107977,routine_or_unclear,"late hanover, wating on paperwork"
S100274,routine_or_unclear,n/a
S103348,client_request,Centre manager requested additional cover for stocktake
S103560,routine_or_unclear,all good
S103409,relief_no_show,covered for khumalo again - 3rd time this month
S108084,handover_delay,"late handover, waiting on paperwork"
S102102,routine_or_unclear,as per normal
S102296,routine_or_unclear,n/a
S102234,routine_or_unclear,no incidents
S106403,routine_or_unclear,"took molefe shift as well, 2 posts 1 guard"
S102186,relief_no_show,relief no show AGAIN
S104964,client_request,"client says stay till 06h00, dont know if office approved"
S105846,routine_or_unclear,"Cele absent, took her rounds as well"
S108065,relief_no_show,"Jacobs didnt come in, covered the post"
S107516,routine_or_unclear,
S105839,handover_delay,"late handover, waiting on paperwork"
S105619,routine_or_unclear,sharp
S102607,client_request,extra hours approved by client for the eent setup..
S101094,routine_or_unclear,.
S108677,client_request,"stocktake ran over, client asked us to remain, they know they pay for it.."
S103485,routine_or_unclear,nothing to report
S102391,equipment_failure,"masjien is stukkend, alles met die hand gedoen.."
S106343,routine_or_unclear,ntr
S100444,routine_or_unclear,quiet shift
S103629,routine_or_unclear,quiet shift
S102490,routine_or_unclear,all fine
S107573,routine_or_unclear,-
S106955,relief_no_show,maluleke off sick. again. covered.
S102351,handover_delay,"handover late again, keys missing"
S107970,relief_no_show,Covered for Fourie again - 3rd time this month
S102872,routine_or_unclear,.
S103390,relief_no_show,Mavuso off sick. again. covered.
S103663,relief_no_show,Next sift guuard did not pitch. Had to cover
S108607,routine_or_unclear,ok
S107110,routine_or_unclear,"double duty today, Maluleke on family responsibility leave"
S108272,routine_or_unclear,"aflos het nie opgedaag nie, moes aanbly.."
S101015,relief_no_show,"waited for relief, nobody caem throuhg"
S105970,equipment_failure,"generator fault, stayed to monitor"
S102398,routine_or_unclear,fine
S100890,relief_no_show,COVERED FOR FOURIE AGAIN - 3RD TIME THIS MONTH
S108525,routine_or_unclear,.
S101514,relief_no_show,"control room says relief coming, nobody came"
S103076,relief_no_show,"stlil on site, relief was suppose to comme 6am"
S106703,client_request,Client asked for extra patrol affter the break-in Tuesday
S105099,relief_no_show,"next shift akafikanga, ngihlale kuze kube 06:00"
S101736,routine_or_unclear,"tok bothha shift as wlel, 2 posts 1 guard"
S100768,handover_delay,"handover late agn, keys missing"
S103771,routine_or_unclear,"scrubber broke down, had to do the floor manually"
S108483,routine_or_unclear,Covering for Molefe - booked off sick
S107757,routine_or_unclear,
S100188,routine_or_unclear,"worked through, Wyk at the clinic"
S102703,routine_or_unclear,as per normal
S100541,routine_or_unclear,n/a
S103562,handover_delay,"waitde 40 min for handover, OB book not signed"
S109114,routine_or_unclear,Covering for Sibiya - booked off sick
S100401,equipment_failure,"masjien is stukkend, alles met die hand gedoen"
S107329,relief_no_show,"covering jacobs post, no show no call"
S106542,relief_no_show,"covering Ndlovu post, no show no call"
S106384,client_request,Centre manager requested additional cover for stocktake
S108050,handover_delay,"oorhandiging was laat, gewag vir sleutels"
S104560,relief_no_show,"still on site, relief was suppose to come 06h00"
S104444,relief_no_show,"relief only arrived six, stayed until then"
S101563,relief_no_show,Mokoena off sick. again. covered.
S107377,routine_or_unclear,sharp
S105447,routine_or_unclear,all fine
S109353,relief_no_show,"FOURIE DIDNT COME IN, COVERED THE POST"
S103389,handover_delay,shift handover delayed by 25 min
S100108,routine_or_unclear,niks om te rapporteer nie
S108169,client_request,CLIENT REQUESTED DEEP CLEAN BEFORE THE AUDIT - APPROVED
S105080,client_request,"client says stay till 6am, dont know if office approved"
S108856,relief_no_show,no relief. stayed. someone must please sort the roster
S105331,relief_no_show,"tshabalala didnt come in, covered the post"
S105996,routine_or_unclear,akukho lutho
S106246,client_request,"extra patrol per client email, approved by office"
S109266,relief_no_show,stood in for Jacobs
S103118,client_request,KLIENT HET EKSTRA URE GEVRA VIR STOCKTAKE
S103564,client_request,Client asked for extra patrol after the break-in Tuesday
S106895,relief_no_show,COVERED FOR NAIDOO AGAIN - 3RD TIME THIS MONH
S104664,routine_or_unclear,"gate motor failed, manned it by hand till 6am"
S104110,relief_no_show,"Mahlangu didnt come in, covvered the post"
S102815,client_request,Client requested deep clean before the audit - approved..
S106531,relief_no_show,reliief no show AGAIN
S105761,routine_or_unclear,"scrubber broke down, had to do the floor manually !"
S104827,routine_or_unclear,fine
S109104,relief_no_show,"covering ncobo post, no show no call"
S101256,routine_or_unclear,no incidents
S108577,routine_or_unclear,fine
S107482,relief_no_show,"covering tshabalala post, no show no call"
S102168,routine_or_unclear,"requested by centre management for load in, signed off"
S108588,relief_no_show,"Mokoena didnt come in, covered the post"
S102903,routine_or_unclear,fine
S107590,routine_or_unclear,
S107990,relief_no_show,Next shift guard did not pitch. Had to cover.
S104917,client_request,"client wantde extra man on the gate for the event, approved"
S106054,routine_or_unclear,n/a
S106651,relief_no_show,"covering mavuso post, no show no call"
S105903,routine_or_unclear,n/a
S108918,routine_or_unclear,"gate motor failed, manned it by hand till six"
S103566,routine_or_unclear,fine
S100580,routine_or_unclear,"scrubber broke down, had to do the floor manually !"
S102756,routine_or_unclear,no incidents
S108062,relief_no_show,"uBotha akezanga namhlanje, ngimele yena"
S102048,routine_or_unclear,all quiet
S101479,relief_no_show,stood in for mavuso !
S100486,routine_or_unclear,"waited for relif, noody came through"
S100254,client_request,klient het ekstra ure gevra vir stocktake
S103600,routine_or_unclear,"requested by centre management for load in, signed off"
S109196,routine_or_unclear,ok
S104748,relief_no_show,"next shift akafikanga, ngihlale kuze kube 6.."
S104029,handover_delay,"handover late again, keys missing"
S107997,handover_delay,"waited 25 min for handover, OB book not signed"
S101101,routine_or_unclear,"buffer machine kaput, did the floor by hand"
S106368,routine_or_unclear,"took Mthembu sift as well, 2 posts 1 guard"
S100650,handover_delay,"hanodver late again, keys missing"
S102313,routine_or_unclear,"scrubber broke dow, had to do the floor manually"
S105832,relief_no_show,no relief. stayed. someone must pleasse sort the roster
S106260,routine_or_unclear,"Fourie absent, took her rounds as well"
S102468,routine_or_unclear,"gedek vir Sibiya, siek gmeld !"
S103572,relief_no_show,"still on site, relief was suppose to come 6am"
S105038,relief_no_show,"covering Khumalo poost, no show no call"
S108041,relief_no_show,stood in for Sibiya
S105104,client_request,"client says stay till 6am, dont know if office approved"
S106517,relief_no_show,"covering Ngcobo post, no show no call"
S103677,client_request,"EXTRA PATROL PER CLIENT EMAIL, APPROVED BY OFFICE"
S108890,relief_no_show,"coverng Mokoena post, no show no call"
S104902,routine_or_unclear,"took Zulu shift as well, 2 posts 1 guard"
S106815,relief_no_show,"uKhumalo akezanga namhlanje, ngimele yena"
S106110,routine_or_unclear,"scrubber broke down, had to do the floor manually"
S103096,relief_no_show,"still on site, relief was suppose to come 0h600"
S103034,client_request,Client asked for extra patrol after the break-in Tuesday
S100272,client_request,"extra patrol per client email, approved by office"
S109168,routine_or_unclear,"took radebe shift as well, 2 posts 1 guard"
S106426,relief_no_show,"sibiya didnt come in, covered the post"
S106302,handover_delay,"oorhandiging was laat, gewag vir sleutels.."
S101930,routine_or_unclear,"buffer machine kaput, did the floor by hand"
S104426,relief_no_show,"Jacobs ddnt come in, covered the post"
S100225,routine_or_unclear,n/a
S102621,routine_or_unclear,all good
S105134,routine_or_unclear,fine
S106959,handover_delay,shift handover delayed by 30 min
S100776,client_request,"client wanted extra man on the gate for the event, approved"
S107712,relief_no_show,relief no show AGAIN
S101017,routine_or_unclear,akukho lutho
S103042,routine_or_unclear,Covering for Adams - booked off sick
S101783,routine_or_unclear,"Mthembu absent, took her rounds as well"
S101489,routine_or_unclear,"KHUMALO ABSENT, TOOK HER ROUNDS AS WELL"
S101625,client_request,klient het ekstra ure gevra vir stocktake
S106255,routine_or_unclear,nothing to report
S100111,routine_or_unclear,no issues on site
S101389,routine_or_unclear,"requested by centre management for load in, signed off"
S101594,routine_or_unclear,Covering for Motaung - booked off sick
S108714,routine_or_unclear,.
S101860,handover_delay,"oorhandiging was laat, gewag vir sleutels"
S104813,client_request,"client wanted extra man on the gate for the event, approved"
S102738,relief_no_show,"no replacement sen, ngicela sort this out"
S102457,routine_or_unclear,"GEDEK VIR TSHABALALA, SIEK GEMELD"
S109258,routine_or_unclear,n/a
S104065,client_request,klient het ekstra ure gevra vir stocktake
S106134,client_request,klient het ekstra ure gevra vir stokctake
S104737,routine_or_unclear,ntr
S108111,routine_or_unclear,"lift out of order, everything carried up stairs, took long"
S107379,relief_no_show,"uTshabalala akezanga namhlanje, ngimele yena"
S105790,client_request,extra hours approved by client for the event setup
S101975,routine_or_unclear,centre mgr requested additional cover for socktake
S103015,routine_or_unclear,"requested by centre management for load in, signed off"
S108376,relief_no_show,"relief only arrived six, stayed until then"
S107834,routine_or_unclear,sharp
S105111,routine_or_unclear,no incidents
S102752,routine_or_unclear,"requested by centre management for load in, signed off"
S104303,relief_no_show,"umavuso akezanga namhlaje, ngimele yena"
S101503,routine_or_unclear,"double duty today, Mabaso on family responsibility leave"
S107725,routine_or_unclear,
S106111,relief_no_show,COVERED FOR MOLEFE AGAIN - 3RD TIME THIS MONTH
S103023,routine_or_unclear,niks om te rapporteer nie
S100589,relief_no_show,stood in for Mavuso
S100308,relief_no_show,"UBOTHA AKEZANGA NAMHLANJE, NGIMELE YENA.."
S104634,relief_no_show,covered for ngcobo again - 3rd time this month
S106676,client_request,Centre mgr requested additional cover for stocktake
S101329,handover_delay,"late handover, waiting on ppaerwork.."
S103782,routine_or_unclear,.
S100173,relief_no_show,relief no show AGAIN
S103024,relief_no_show,stood in for Fourie
S104314,routine_or_unclear,"buffer machine kaput, did the floor by hand"
S101799,routine_or_unclear,"took Wyk shfit as well, 2 posts 1 guard"
S106226,handover_delay,"oorhandiging was laat, gewag vir sleutels"
S101914,client_request,"client wanted extra man on the gate for the event, approved"
S103983,routine_or_unclear,ok
S100260,routine_or_unclear,"requested by centre management for laod in, siigned off"
S106095,relief_no_show,relief no show AGAIN..
S104101,relief_no_show,double shift because relief nevre pitched !
S102185,routine_or_unclear,"gate motor faied, manned it by hand till 06:00"
S101029,routine_or_unclear,all quiet
S106177,routine_or_unclear,niks om te rapporteer nie
S101540,relief_no_show,"relief never arriived, stayed on till 6am.."
S103555,routine_or_unclear,Covering for Mabaso - booked off sick
S100187,handover_delay,"late handover, waiting on paperwork.."
S100994,handover_delay,shift handover delayed by 30 min
S108396,routine_or_unclear,akukho lutho
S108964,routine_or_unclear,"macine down again, took twice as long.."
S105197,client_request,Client asked for extra patrol after the break-in Tuesday
S108086,equipment_failure,"generator fault, stayed to monitor.."
S104812,routine_or_unclear,"gedek vir Wyk, siek gemeld"
S103937,client_request,"client asked us to stay for the delivery, ok'd by centre mgmt"
S108875,routine_or_unclear,all quiet
S109345,handover_delay,"waited 25 min for handover, OB book not signed"
S103752,relief_no_show,stood in for Ndlovu
S105864,routine_or_unclear,all good
S103788,routine_or_unclear,"additional cover requested by site manager, signed off"
S108707,client_request,extra hours approved by client for the event setup..
S105904,handover_delay,"waited 45 min for handover, OB book not signed"
S108183,routine_or_unclear,"double duty today, Radebe on family responsibility leave"
S106897,client_request,client asked for extra patrol after the break-in tuesday
S101626,relief_no_show,"control room says relief coming, nobody came.."
S108720,routine_or_unclear,"took botha shift as welll, 2 posts 1 guard"
S100151,relief_no_show,"no replacement sent, ngicla sort this out"
S108351,client_request,Client asked for extra patrol after the break-n Tuesday
S101876,routine_or_unclear,"gedek vir Sibiya, siek gemeld"
S107598,routine_or_unclear,"double dtuy today, Mabaso on family responsibility leave"
S101611,routine_or_unclear,"additional cover requested by site manager, signed off"
S100686,routine_or_unclear,"double dtuy today, sibiya on family responsibility leave.."
S105135,routine_or_unclear,ntr
S105437,handover_delay,"late handoverr, waiting on paperwork.."
S107612,handover_delay,shift handover delayed by 30 min
S105334,client_request,"client asked us to stay for the delivery, ok'd by centre mgmt"
S107907,relief_no_show,"relief only arrived 0600, stayed until then"
S100176,relief_no_show,relief no show AGAIN
S105236,routine_or_unclear,quiet shift
S102422,routine_or_unclear,fine
S106865,handover_delay,"waited 40 min for handover, OB book not signed"
S109275,relief_no_show,"next shift akafikanga, ngihlale kuze kbue 0600"
S101634,client_request,"client wanted extra man on the gate for the event, approved"
S103504,routine_or_unclear,-
S108589,routine_or_unclear,"gate motor failed, manned it by hand till 6am"
S107748,routine_or_unclear,Covering for Raddebe - booked off sick
S100722,relief_no_show,"no replacement sent, ngiceela sort thiis out"
S106105,client_request,"client wanted extra man on the gate for the event, approved"
S108840,client_request,Client asked for extra patrol after the break-in Tuesday
S104494,routine_or_unclear,all good
S104059,handover_delay,"handover late agn, keys missing"
S107987,relief_no_show,"control room says relief coming, nobody came"
S105786,client_request,"client asked us to stay for the delivery, ok'd by centre mgmt !"
S101880,equipment_failure,"generator fault, stayed to monitor"
S103591,client_request,"client says stay till 06h000, dont know if office approved"
S107064,equipment_failure,"generator fault, stayed to monitor"
S100258,routine_or_unclear,"took Zulu shift as well, 2 posts 1 guard"
S101493,client_request,"extra patrol per client email, approved by ofice.."
S108173,relief_no_show,"jacobs didnt come in, covered the psot"
S107362,routine_or_unclear,"gate motor failed, manned it by hand till 6am"
S106155,relief_no_show,"relief only arrived 06h00, stayed until then.."
S105417,relief_no_show,"covering Baloyi post, no show no call"
S107630,routine_or_unclear,ok
S101106,routine_or_unclear,"gedek vir sibiya, siek gemeld"
S104193,routine_or_unclear,quiet shift
S100708,relief_no_show,relief no show AGAN
S100746,routine_or_unclear,covering for mthembu - booked off sick
S104863,handover_delay,"handover late again, keys missing"
S104353,routine_or_unclear,quiet shift
S108312,routine_or_unclear,"lift out of order, everything carried up stairs, took long"
S107015,handover_delay,shift handover delayed by 25 min
S105321,equipment_failure,"generator fault, stayed to monitor"
S101345,handover_delay,"oorhandiging was laat, gewag vir sleutels.."
S105442,routine_or_unclear,niks om te rapporteer nie
S109354,handover_delay,"late handover, waiting on paperwork"
S106794,routine_or_unclear,as per normal
S108276,routine_or_unclear,"machine down agn, toook twice as long"
S105716,relief_no_show,no relief. stayed. someone must pls sort the roster
S107347,relief_no_show,"covering Mabaso pst, no show no call"
S109303,routine_or_unclear,"took Molefe shift as well, 2 posts 1 guard"
S106462,client_request,"stocktake ran over, client asked us to remain, they know they pay for it"
S107420,handover_delay,"waited 30 min for handover, OB book not signed.."
S108102,routine_or_unclear,"requested by centre management for load in, signed off"
S104907,routine_or_unclear,"machine down ang, took twice as long.."
S104285,client_request,Client requested deep clean bfore the audit - approved
S106215,handover_delay,"late handover, waiting on paperwork"
S106269,relief_no_show,"Radebe didnt come in, covered the pst"
S106418,client_request,client requested deep clean before the audit - approved
S104318,relief_no_show,double shift bc relief never pitched..
S103038,client_request,"client asked us to stay for the delivery, ok'd by centre mgmt !"
S101593,relief_no_show,"next shift akafikanga, ngihlale kuze kube 06h00"
S108484,routine_or_unclear,fine
S102184,client_request,"client wanted extra man on the gate for the event, approved"
S103827,handover_delay,"handover late again, keys missing"
S102641,routine_or_unclear,ok
S106425,client_request,Client asked for extra patrol after the break-in Tuesday
S106887,relief_no_show,relief no show AGAIN
S106310,relief_no_show,stood in for botha
S103769,routine_or_unclear,Covering for Molefe - booked off sick !
S109125,routine_or_unclear,"buffer machine kaput, did the floor by hand"
S105330,routine_or_unclear,all quiet
S105128,handover_delay,"oorhandiging was laat, gewag vir sleutels"
S103548,routine_or_unclear,"requested by centre management for load in, signed off"
S107828,routine_or_unclear,"scrubbr broke dwon, had to do the floor manually"
S107360,relief_no_show,NDLOVU OFF SICK. AGN. COVERED.
S100250,relief_no_show,"relief onnly arrived sixx, styed until then"
S105607,routine_or_unclear,"gate motor failed, manned it by hand till 0600.."
S104909,client_request,Client asked for extra patrol after the break-in Tuesday
S105715,routine_or_unclear,"jacobs absent, took her rounds as well"
S108256,client_request,"extra patrol per client email, approved by office"
S107025,routine_or_unclear,as per normal
S107860,client_request,Client requested deep clean before the audit - approved
S108314,routine_or_unclear,no issues on site
S101579,handover_delay,"handover late agin, kys missing"
S102325,routine_or_unclear,no issues on site
S100961,routine_or_unclear,akukho lutho
S103659,routine_or_unclear,"requested by centre management for load in, signed off"
S107788,equipment_failure,"generator fault, stayed to monitor"
S106525,relief_no_show,Naidoo off sick. agn. covered.
S100335,client_request,"stocktake ran over, client asked us to remain, they know they pay for it !"
S107697,relief_no_show,"next shift akafikanga, ngihlale kuze kube 06h00.."
S101797,routine_or_unclear,"double duty today, Baloi on family responsibility leave"
S101653,client_request,"client wanted extra man on the gate for the event, approved"
S104126,routine_or_unclear,"took ngcobo shift as well, 2 posts 1 guard !"
S104313,relief_no_show,client signde for the extra hours but real reaon is relief no show agn
S105082,client_request,Centre mgr requested additional cover for stocktake
S107328,relief_no_show,Ngcobo off sick. agn. covered.
S100559,routine_or_unclear,"scrubber broke down, had to do the floor manually"
S107027,routine_or_unclear,"worked through, Botha at the clinic"
S100512,routine_or_unclear,extra houurs approvved by client for the event setup
S108843,relief_no_show,"relief only arrived 0600, stayed until then"
S102407,handover_delay,"waited 25 min for handover, OB book not signed"
S103766,routine_or_unclear,"Baloyi absent, toook her rounds as well !"
S100247,routine_or_unclear,"gate motor failed, manned it by hand till 6.."
S107594,routine_or_unclear,"gedek vir Mthembu, siek gemeld"
S107463,equipment_failure,"masjien is stukkend, alles met die hnd gedoen.."
S105085,relief_no_show,"covering Motaung pst, no show no call"
S108449,relief_no_show,"STILL ON SITE, RELIEF WAS SUPPOSE TO COME 6AM"
S100638,relief_no_show,"covering Molefe post, no show no call"
S108375,client_request,Client requested deep clean before the audit - approved
S103818,relief_no_show,stood in for Hendricks
S103385,relief_no_show,adams off sick. agn. covered.
S109204,handover_delay,shift handover delayed by 40 min
S100519,routine_or_unclear,quiet shift
S100263,routine_or_unclear,"machhine down agnn, took twice as long"
S105110,routine_or_unclear,"requested by centre management for load in, signed off"
S102851,relief_no_show,"Fourie didnt come in, covered the post"
S101066,client_request,Client requested deep clean beefore the audit - approved
S109119,relief_no_show,"next shift akafikanga, ngihlale kuze kube 0600.."
S102485,relief_no_show,"covering Mahlnagu post, no show no call.."
S106307,handover_delay,"oorhandiging was laat, gewag vir sleutles"
S104640,handover_delay,"late handover, waitng on paperwork"
S108060,relief_no_show,Next shift guard did not pitch. Had to cover.
S101897,equipment_failure,"generator fault, stayed to monitor"
S103510,routine_or_unclear,akukho lutho
S100721,handover_delay,"oorhandiging was laat, gewag vir slutels"
S109244,relief_no_show,"covering dlamini post, no show no call"
S106524,client_request,"stocktake ran over, client asked us to remain, they know they pay for it"
S104048,relief_no_show,"Botha didnt come in, covered the post.."
S106279,client_request,Client asked for extra patrol after the break-in Tuesday
S100658,routine_or_unclear,quiet shift
S109007,routine_or_unclear,-
S106677,client_request,"client wanted extra man on the gate for the eent, approved"
S100303,routine_or_unclear,sharp
S104262,client_request,klient het ekstra ure gevra vir stocktakke
S104829,routine_or_unclear,.
S103758,client_request,extra hours approved by client for the event setup
S108053,relief_no_show,"uMotaung akezanga namhlanje, ngimele yena"
S100287,routine_or_unclear,.
S105435,handover_delay,"waited 25 min for handover, ob book not signed"
S108377,client_request,extra hours approved by client for the event setup
S100543,routine_or_unclear,"gate motor failed, manned it by hand till 0600.."
S106048,client_request,"stocktake ran over, client asked us to remain, they know thy pay for it"
S106627,client_request,extra hrs approved by client for the evetn setup !
S104317,routine_or_unclear,"machine down again, took twice as long"
S100585,client_request,extra hrs approved by client for the event setup
S103322,routine_or_unclear,"clent asked us to stay for the delivery, ok'd by centre mgmt"
S107281,client_request,Client asked for extra patrol after the break-in Tuesday..
S101613,routine_or_unclear,no issues on site
S105263,handover_delay,"oorhandiging was laat, gewag vir sleutels.."
S104844,routine_or_unclear,"double duty today, Baloyi on family responsibility leave"
S109257,relief_no_show,"UDLAMINI AKEZANGA NAMHLANJE, NGIMELE YENA.."
S101852,client_request,"stocktake ran over, client asked us to remain, they know they pay for it"
S107993,relief_no_show,no relief. stayed. soemone must please sort the roster
S101673,routine_or_unclear,quiet shift
S100900,relief_no_show,no relief. stayed. someone must pls sort the roster
S104782,routine_or_unclear,"took Sibiya shift as well, 2 posts 1 guard !"
S100369,relief_no_show,"control room says relief coming, nobody came"
S107249,client_request,client requested deep clean before the audit - approved
S100812,client_request,"client asked us to stay for the delivery, ok'd by centre mgmt !"
S105004,relief_no_show,"Maluleke didnt come in, covered the pot.."
S108127,routine_or_unclear,.
S104866,handover_delay,"late handover, waiting on paperwork"
S104565,equipment_failure,"masjien is stukkend, alles met die hand gedoen.."
S103823,relief_no_show,STOOD IN FOR BALOYI
S100337,client_request,Centre mgr requested additional cover for stocktake
S102380,client_request,Client requested deep clean before the audit - approved
S108008,client_request,Client requested deep claen before the audit - approved
S108054,relief_no_show,CLIENT SIGNED FOR THE EXTRA HRS BUT REAL REASON IS RELIEF NO SHOW AGAIN
S105116,routine_or_unclear,
S107505,client_request,"stocktake ran over, client asked us to remain, they know they pay for it"
S104470,routine_or_unclear,sharp
S103327,client_request,"EXTRA PATROL PER CLIENT EMAIL, APPROVED BY OFFICE"
S106369,handover_delay,"handover late agn, keys missing"
S104425,relief_no_show,Next shift guard did not pitch. Had to cover.
S106790,routine_or_unclear,as per normal
S101341,handover_delay,"oorhandiging was laat, gewag vir sleutels"
S105660,relief_no_show,"covering Adams post, no show no call"
S103413,routine_or_unclear,-
S108598,relief_no_show,double shift becaue relief never pitched
S101586,routine_or_unclear,"scrubber broke down, had to do the floor manually"
S103803,routine_or_unclear,"Motaung absent, took her rounds as well"
S108867,relief_no_show,"still on site, relief was suppose to come 06:00"
S107569,relief_no_show,Baloyi off sick. again. covered.
S107801,routine_or_unclear,akukho lutho
S109139,relief_no_show,Baloyi off sick. agn. covered.
S100883,relief_no_show,Next shift guard did not pitch. Had to cover.
S105070,routine_or_unclear,"machine down agn, took twice as long.."
S106909,relief_no_show,"relief never arrived, stayed on till 0600"
S104559,client_request,"extra patrol per client email, apprved by office"
S108156,client_request,"client asked us to stay for the delivery, ok'd by centre mgmt"
S106567,relief_no_show,"uZuulu akezanga namhlanje, ngimele yena"
S108365,routine_or_unclear,"scrubber broke down, had to do the floor manually"
S106218,relief_no_show,"covering Naido post, no show no call"
S101683,routine_or_unclear,covering for khumalo - booked off sick
S104118,routine_or_unclear,ntr
S105077,relief_no_show,Covered for Mokoena agaiin - 3rd time this month
S104723,routine_or_unclear,ok
S104246,routine_or_unclear,covering for dlamini - booked off sick
S102918,relief_no_show,"control room says relief coming, nobody came"
S103872,routine_or_unclear,.
S108608,routine_or_unclear,"worked through, botha at the clinic"
S104021,relief_no_show,"umahlangu akezanga namhlanje, ngimele yena"
S100496,routine_or_unclear,n/a
S108206,relief_no_show,September off sick. again. covered.
S104343,routine_or_unclear,"worked through, Dlamini at the clinic"
S105740,routine_or_unclear,nothing to report
S108052,routine_or_unclear,.
S101602,client_request,"extra patrol per client email, approved by office"
S100080,routine_or_unclear,sharp
S102635,routine_or_unclear,"covering Hendricks post, no sow no call.."
S100562,relief_no_show,stood in for Sibiya
S104070,routine_or_unclear,
S108355,routine_or_unclear,"gate motor failled, manned it by hand till 06:00"
S100623,routine_or_unclear,no issues on site
S106964,relief_no_show,"next shift akafikanga, ngihlale kuze kube 6"
S101119,routine_or_unclear,"requested by centre management for load in, signed off"
S103645,equipment_failure,"masjien is stukkend, alles met die hand gedoen"
S106135,relief_no_show,client signed for the extra hrs but real reason is relief no show agn
S108455,client_request,client asked for extra patrol after the break-in tuesday
S102759,routine_or_unclear,ok
S105779,routine_or_unclear,n/a
S105906,routine_or_unclear,"double duty today, Adams on family responsibility leave"
S107067,routine_or_unclear,"ADDITIONAL COVER REQUESTED BY SIITE MANAGER, SIGNED OFF !"
S103580,routine_or_unclear,"requested by centre management for load in, signed off"
S100556,client_request,Client requested deep clean before the audit - approved
S107252,relief_no_show,"covering mabaso post, no show no call !"
S101765,routine_or_unclear,all good
S101796,client_request,extra hours approved by client for the event setup
S102693,relief_no_show,Sithoel off sick. again. covered.
S101519,client_request,"stocktake ran over, client asked us to remain, they know they pay for it"
S107164,client_request,"stocktake ran over, client ased us to remain, they know they pay for it"
S108036,client_request,"client asked us to stay for the delivery, ok'd by centre mgmt.."
S109315,routine_or_unclear,"machine down agn, took twice as long"
S103762,relief_no_show,"Ngcobo didnt come in, covered the post"
S100709,client_request,"client asked us to stay for the delivery, ok'd by centre mgmt"
S105296,client_request,"client says stay till six, dont knwo if office approved"
S101569,equipment_failure,"generator fault, stayed to monitor.."
S105347,routine_or_unclear,ntr
S103252,client_request,client asked for extra patrol after the breaki-n tuesday !
S101449,routine_or_unclear,-
S100550,routine_or_unclear,"tok Ndlovu shift as well, 2 posts 1 guard"
S108961,routine_or_unclear,ntr
S106637,relief_no_show,"covering motaung post, no show no call"
S104009,routine_or_unclear,"took Manuel shift as well, 2 posts 1 guard.."
S103027,routine_or_unclear,"gedek vir Mthembu, siek gemeld"
S106515,routine_or_unclear,"aflos het nie opgedaag nie, mes aanbly"
S106388,relief_no_show,no relief. stayed. someone must please sort the roster
S100356,routine_or_unclear,"scrubber broke down, had to do the floor manually"
S107006,routine_or_unclear,"clieent asked us to stay for the delivery, ok'd by centre mgmt"
S100645,relief_no_show,double shift bc releif never pitched
S102980,relief_no_show,Sithole off sick. agn. covered.
S102720,routine_or_unclear,ntr
S104617,client_request,"client wanted extra man on the gate for the event, approved"
S101508,routine_or_unclear,"BFUFER MACHINE KAPUT, DID THE FLOOR BY HAND"
S106544,routine_or_unclear,"double duty today, Molefe on family responsibillity leave"
S108184,routine_or_unclear,"gedek vir Tshabalala, siek gemeld"
S101615,relief_no_show,"control room says relief coming, nobody came"
S107722,routine_or_unclear,as per normal
S104547,handover_delay,"waited 25 min for handover, OB book not signed"
S103554,handover_delay,"oorhandiging was laat, gewag vir sleutels"
S100703,routine_or_unclear,"additional cover requested by site mgr, signed off"
S109320,client_request,centre managger requested additoinal coevr for stocktake
S102163,relief_no_show,"Hendricks didnt come in, covered the psot"
S102922,routine_or_unclear,"requested by centre management for load in, siged off"
S101063,handover_delay,"handover late agn, keys missing"
S107410,client_request,"stocktake ran over, client asked us to remain, they know they pay for it"
S107063,relief_no_show,stood in for molefe
S100720,relief_no_show,Wyk off sick. again. covered.
S103641,routine_or_unclear,"client says stay till 0600, dont know if office approoved.."
S101110,client_request,extra hrs approved by client for the event settup
S100472,routine_or_unclear,quiet shift
S104332,relief_no_show,"next shift akafikanga, ngihlale kuze kube 6"
S103216,handover_delay,"waited 50 min for handover, ob book not signed"
S102518,relief_no_show,DOUBLE SHIFT BECAUSE RELIEF NEVER PITCHED
S100338,client_request,"client wanted extra man on the gate for the event, approved"
S105613,client_request,"client wanted extra man on the gate for the event, approved"
S103748,relief_no_show,Next shift guard did not pitch. Had to cover.
S109340,relief_no_show,stood in for nkosi
S108023,relief_no_show,covered for september again - 3rd time this month
S107298,routine_or_unclear,"double duty today, naidoo on fammily responsibility leave.."
S103767,client_request,CLIENT REQUESTED DEEP CLEAN BEFORE THE AUDIT - APPROVED
S104346,client_request,"stocktake ran over, client asked us to remain, they know they pay for it"
S105195,routine_or_unclear,"gedek vir Baloyi, siek gemeld"
S100144,relief_no_show,Next shift guard did not pitch. Had to cover.
S105423,routine_or_unclear,"worked through, nkosi at the clinic"
S105333,routine_or_unclear,"took Adams shift as well, 2 posts 1 guard"
S107610,routine_or_unclear,ok
S107767,relief_no_show,"waited for relief, nobody came througgh"
S107972,client_request,"client asked us to stay for the delivery, okd' by centre mgmt"
S107177,client_request,"client asked us to stay for the delivery, okd' by centre mgmt"
S109105,equipment_failure,"masjien is stukkend, alles met die hand gedoen"
S100969,routine_or_unclear,all fine
S105370,relief_no_show,"covering Ndlovu post, no show no call !"
S106526,routine_or_unclear,no incidents
S103981,routine_or_unclear,"buffer machine kaput, did the floor by hand"
S109295,client_request,"extra patrol per client email, approved by office"
S102075,relief_no_show,mabaso off sick. agn. covered..
S102160,client_request,klient het ektra ure gevra vir stocktake
S104074,routine_or_unclear,"scrubber broke down, had to do the floor manually"
S100166,routine_or_unclear,"buffer machine kaput, did the floor by hand"
S102535,routine_or_unclear,quiet shift
S105844,client_request,"client asked us to stay for the delivery, ok'd by centre mgmt.."
S100735,routine_or_unclear,"requested by centre management for load in, signed off"
S105683,client_request,klient het ekstra ure gevra vir stocktake
S107998,relief_no_show,"control room says relief coming, nobody came.."
S100574,routine_or_unclear,covering for ngcobo - booked off sick
S103505,routine_or_unclear,Covering for Mavuso - booked off sick
S104752,routine_or_unclear,.
S100876,routine_or_unclear,"worked through, Mavuso at the clinic"
S102156,client_request,kliennt het ekstra ure gevra vir stocktake
S106609,handover_delay,shift handover delayed by 25 min
S103588,handover_delay,"late handover, waiting on paperwork"
S101813,routine_or_unclear,ntr
S106469,client_request,CENTRE MANAGER REQUESTED ADDITIONAL COVER FOR STOCKTAKE
S101115,relief_no_show,"control room says relief coming, nobody came"
S108703,routine_or_unclear,"scrubber broke down, had to do the floor manually"
